{
  "checkpoint_episodes": [
    300,
    600,
    900,
    1200,
    1500,
    1800,
    2100,
    2400,
    2700,
    3000,
    3300,
    3600,
    3900,
    4200,
    4500,
    4800,
    5100,
    5400,
    5700,
    6000,
    6300,
    6600,
    6900,
    7200,
    7500,
    7800,
    8100,
    8400,
    8700,
    9000,
    9300,
    9600,
    9900,
    10200,
    10500,
    10800,
    11100,
    11400,
    11700,
    12000,
    12300,
    12600,
    12900,
    13200,
    13500,
    13800,
    14100,
    14400,
    14700,
    15000,
    15300,
    15600,
    15900,
    16200,
    16500,
    16800,
    17100,
    17400,
    17700,
    18000,
    18300,
    18600,
    18900,
    19200,
    19500,
    19800,
    20100,
    20400,
    20700,
    21000,
    21300,
    21600,
    21900,
    22200,
    22500,
    22800,
    23100,
    23400,
    23700,
    24000,
    24300,
    24600,
    24900,
    25200,
    25500,
    25800,
    26100,
    26400,
    26700,
    27000,
    27300,
    27600,
    27900,
    28200,
    28500,
    28800,
    29100,
    29400,
    29700,
    30000
  ],
  "win_rate_curve": [
    0.24666666666666667,
    0.21,
    0.23,
    0.24666666666666667,
    0.20333333333333334,
    0.26,
    0.20666666666666667,
    0.21666666666666667,
    0.18666666666666668,
    0.22,
    0.23666666666666666,
    0.23,
    0.24666666666666667,
    0.24,
    0.24666666666666667,
    0.25333333333333335,
    0.23333333333333334,
    0.23666666666666666,
    0.26,
    0.23,
    0.24666666666666667,
    0.25333333333333335,
    0.25,
    0.23,
    0.27,
    0.31333333333333335,
    0.28,
    0.22,
    0.25,
    0.2733333333333333,
    0.25333333333333335,
    0.28,
    0.29333333333333333,
    0.2866666666666667,
    0.21666666666666667,
    0.24,
    0.26666666666666666,
    0.2833333333333333,
    0.30333333333333334,
    0.29333333333333333,
    0.3466666666666667,
    0.23666666666666666,
    0.2966666666666667,
    0.27666666666666667,
    0.2733333333333333,
    0.31666666666666665,
    0.36666666666666664,
    0.31666666666666665,
    0.2633333333333333,
    0.2733333333333333,
    0.2966666666666667,
    0.30666666666666664,
    0.2966666666666667,
    0.35,
    0.33,
    0.2833333333333333,
    0.31333333333333335,
    0.36,
    0.33,
    0.3433333333333333,
    0.3233333333333333,
    0.32666666666666666,
    0.3433333333333333,
    0.37666666666666665,
    0.32,
    0.36333333333333334,
    0.37333333333333335,
    0.37666666666666665,
    0.3566666666666667,
    0.38666666666666666,
    0.3933333333333333,
    0.4,
    0.37333333333333335,
    0.32,
    0.36,
    0.4266666666666667,
    0.34,
    0.3466666666666667,
    0.37666666666666665,
    0.32666666666666666,
    0.39,
    0.31666666666666665,
    0.3433333333333333,
    0.38,
    0.35,
    0.38666666666666666,
    0.36,
    0.35333333333333333,
    0.30333333333333334,
    0.39666666666666667,
    0.43,
    0.3466666666666667,
    0.37666666666666665,
    0.39666666666666667,
    0.4266666666666667,
    0.3566666666666667,
    0.35,
    0.36,
    0.3433333333333333,
    0.3566666666666667
  ],
  "td_error_curve": [
    0.15040094995675066,
    0.18982919273724033,
    0.19727841383599395,
    0.2006168627148913,
    0.20297603616853885,
    0.20323184954996476,
    0.1931522137274932,
    0.1946974473446033,
    0.19131276375559597,
    0.19294049040787095,
    0.18960669734848018,
    0.18350473596410954,
    0.18700864275296003,
    0.18659179170955964,
    0.18805835514545532,
    0.1810569399938683,
    0.1866475831009463,
    0.18414217513705305,
    0.1865985355668008,
    0.18058285864837137,
    0.18088623882696803,
    0.1781152830495717,
    0.17981280556528734,
    0.16964683139838665,
    0.16962930058430867,
    0.16962465716177227,
    0.17774874189458795,
    0.17296110550077898,
    0.17480651775506653,
    0.16473455099275833,
    0.17192420580700982,
    0.17558863265032998,
    0.16607125530665695,
    0.1678728544330273,
    0.16668891324614477,
    0.15688316823362003,
    0.1644113417482342,
    0.1605962384724397,
    0.16083288484606312,
    0.16853429820840196,
    0.1650665660432909,
    0.1581825573058764,
    0.1589955959529097,
    0.15738031765076388,
    0.1595294801211531,
    0.15541650464944254,
    0.16394134874064825,
    0.15793302655293484,
    0.15252416283741954,
    0.1481438054816749,
    0.15242634277720402,
    0.15038816063811933,
    0.15014803930592255,
    0.15616269850164508,
    0.14936219307942106,
    0.15009415988904423,
    0.14962348267585274,
    0.15290883080167864,
    0.15501857535601873,
    0.14617577558978737,
    0.14952569350323727,
    0.14877772898124414,
    0.1511345451590308,
    0.15412174174341006,
    0.14452569858360356,
    0.1497353455942236,
    0.14685214316134693,
    0.14898511756939023,
    0.14210586639576026,
    0.15086879854150476,
    0.14744657724400526,
    0.14904544776267936,
    0.14225856545166374,
    0.14026379668831512,
    0.144755291790101,
    0.14633631800442698,
    0.13892786452527983,
    0.14133202469650272,
    0.14301540590670392,
    0.14028543227990423,
    0.14508321761087212,
    0.1387373694525876,
    0.14116638683433513,
    0.14509833836812552,
    0.14085789723059852,
    0.14444276951521243,
    0.14310280018210778,
    0.13945716865430585,
    0.13731799223794736,
    0.14338083439155447,
    0.14929593768965446,
    0.13816039769769145,
    0.1482126192696193,
    0.14734025198558381,
    0.14720802893783208,
    0.14000381661198388,
    0.14468447130623266,
    0.13795121238168528,
    0.14302483149773093,
    0.14464286099108375
  ],
  "mission_states_curve": [
    393,
    420,
    432,
    448,
    455,
    461,
    467,
    468,
    468,
    469,
    472,
    472,
    472,
    473,
    473,
    475,
    477,
    477,
    477,
    477,
    477,
    477,
    477,
    478,
    478,
    478,
    479,
    479,
    479,
    479,
    479,
    479,
    479,
    479,
    479,
    479,
    479,
    479,
    479,
    479,
    480,
    480,
    480,
    480,
    480,
    480,
    480,
    480,
    480,
    480,
    480,
    480,
    480,
    480,
    480,
    480,
    480,
    480,
    480,
    480,
    480,
    480,
    480,
    480,
    480,
    480,
    480,
    480,
    480,
    480,
    480,
    480,
    480,
    480,
    480,
    480,
    480,
    480,
    480,
    480,
    480,
    480,
    480,
    480,
    480,
    480,
    480,
    480,
    480,
    480,
    480,
    480,
    480,
    480,
    480,
    480,
    480,
    480,
    480,
    480
  ],
  "participant_states_curve": [
    0,
    0,
    0,
    0,
    0,
    0,
    0,
    0,
    0,
    0,
    0,
    0,
    0,
    0,
    0,
    0,
    0,
    0,
    0,
    0,
    0,
    0,
    0,
    0,
    0,
    0,
    0,
    0,
    0,
    0,
    0,
    0,
    0,
    0,
    0,
    0,
    0,
    0,
    0,
    0,
    0,
    0,
    0,
    0,
    0,
    0,
    0,
    0,
    0,
    0,
    0,
    0,
    0,
    0,
    0,
    0,
    0,
    0,
    0,
    0,
    0,
    0,
    0,
    0,
    0,
    0,
    0,
    0,
    0,
    0,
    0,
    0,
    0,
    0,
    0,
    0,
    0,
    0,
    0,
    0,
    0,
    0,
    0,
    0,
    0,
    0,
    0,
    0,
    0,
    0,
    0,
    0,
    0,
    0,
    0,
    0,
    0,
    0,
    0,
    0
  ]
}