{
  "checkpoint_episodes": [
    300,
    600,
    900,
    1200,
    1500,
    1800,
    2100,
    2400,
    2700,
    3000,
    3300,
    3600,
    3900,
    4200,
    4500,
    4800,
    5100,
    5400,
    5700,
    6000,
    6300,
    6600,
    6900,
    7200,
    7500,
    7800,
    8100,
    8400,
    8700,
    9000,
    9300,
    9600,
    9900,
    10200,
    10500,
    10800,
    11100,
    11400,
    11700,
    12000,
    12300,
    12600,
    12900,
    13200,
    13500,
    13800,
    14100,
    14400,
    14700,
    15000,
    15300,
    15600,
    15900,
    16200,
    16500,
    16800,
    17100,
    17400,
    17700,
    18000,
    18300,
    18600,
    18900,
    19200,
    19500,
    19800,
    20100,
    20400,
    20700,
    21000,
    21300,
    21600,
    21900,
    22200,
    22500,
    22800,
    23100,
    23400,
    23700,
    24000,
    24300,
    24600,
    24900,
    25200,
    25500,
    25800,
    26100,
    26400,
    26700,
    27000,
    27300,
    27600,
    27900,
    28200,
    28500,
    28800,
    29100,
    29400,
    29700,
    30000
  ],
  "win_rate_curve": [
    0.29333333333333333,
    0.31666666666666665,
    0.36333333333333334,
    0.4166666666666667,
    0.37,
    0.35333333333333333,
    0.36,
    0.37666666666666665,
    0.34,
    0.32666666666666666,
    0.33666666666666667,
    0.36666666666666664,
    0.2966666666666667,
    0.32,
    0.38333333333333336,
    0.36666666666666664,
    0.33,
    0.37333333333333335,
    0.38,
    0.3466666666666667,
    0.3433333333333333,
    0.4066666666666667,
    0.3466666666666667,
    0.3933333333333333,
    0.34,
    0.3233333333333333,
    0.37,
    0.3566666666666667,
    0.32666666666666666,
    0.32666666666666666,
    0.33666666666666667,
    0.34,
    0.38,
    0.36,
    0.31333333333333335,
    0.37666666666666665,
    0.3333333333333333,
    0.3333333333333333,
    0.35333333333333333,
    0.3433333333333333,
    0.33,
    0.3566666666666667,
    0.38333333333333336,
    0.36333333333333334,
    0.38333333333333336,
    0.32666666666666666,
    0.35333333333333333,
    0.32666666666666666,
    0.3933333333333333,
    0.34,
    0.32,
    0.31333333333333335,
    0.37666666666666665,
    0.35,
    0.37333333333333335,
    0.36333333333333334,
    0.3566666666666667,
    0.3433333333333333,
    0.37,
    0.32,
    0.39666666666666667,
    0.36,
    0.3433333333333333,
    0.36333333333333334,
    0.2733333333333333,
    0.38,
    0.3466666666666667,
    0.41333333333333333,
    0.3433333333333333,
    0.34,
    0.2966666666666667,
    0.3433333333333333,
    0.33,
    0.3333333333333333,
    0.3466666666666667,
    0.29333333333333333,
    0.39,
    0.27,
    0.38333333333333336,
    0.35,
    0.32666666666666666,
    0.3433333333333333,
    0.37333333333333335,
    0.37,
    0.4,
    0.37,
    0.35333333333333333,
    0.3466666666666667,
    0.3466666666666667,
    0.3433333333333333,
    0.36,
    0.34,
    0.29,
    0.3466666666666667,
    0.33666666666666667,
    0.2866666666666667,
    0.3333333333333333,
    0.35333333333333333,
    0.38,
    0.32666666666666666
  ],
  "td_error_curve": [
    0.07462931371263572,
    0.06899992333923748,
    0.07120049787907323,
    0.06959328677395482,
    0.06964393716067614,
    0.06823897432728178,
    0.07136015248234695,
    0.06930671739601632,
    0.07058002677876249,
    0.070222107968752,
    0.06789802770085454,
    0.0696602521340916,
    0.06619819296245512,
    0.06664592485414095,
    0.06715402826012169,
    0.0670049173642262,
    0.06446354869255404,
    0.06708006016787894,
    0.06637167297091097,
    0.06257414648848825,
    0.06783730810946892,
    0.06390077601499841,
    0.06437000620249915,
    0.06640190014749932,
    0.06388939986634988,
    0.06313023218694419,
    0.061973109528937795,
    0.061998397188861284,
    0.0632340325341561,
    0.06180544114484687,
    0.06045732821522814,
    0.061370447318462404,
    0.06062048011736008,
    0.05939333331137184,
    0.060078199143156534,
    0.05883698320426784,
    0.05965474089802437,
    0.0590777865941286,
    0.057937138635092006,
    0.05812164540660483,
    0.058570679865837506,
    0.05787586651269178,
    0.05657074828626981,
    0.05619267089021653,
    0.05490679793587895,
    0.056146809926813285,
    0.055305470219388336,
    0.05526795789929499,
    0.05490779230802779,
    0.05376801495511281,
    0.05543531162481904,
    0.0540328431164669,
    0.05275290671909264,
    0.05326780516975519,
    0.05244274643073616,
    0.05146145967449582,
    0.049882217943698834,
    0.05163916106886053,
    0.05053277010788549,
    0.04980501959414518,
    0.05012103071735468,
    0.047765745461072116,
    0.04834716052805358,
    0.04643006474679371,
    0.047337339109219743,
    0.04650439847092153,
    0.04449362976338958,
    0.04495972335992479,
    0.04357753800368507,
    0.04462012870874544,
    0.043953144515149443,
    0.04351386786655886,
    0.0428622050559289,
    0.04296611346348375,
    0.043804803054500886,
    0.0418329747299255,
    0.04149936681492496,
    0.042774250542037845,
    0.044557322602617376,
    0.04157790350790194,
    0.041828896065164815,
    0.04253523979095097,
    0.04177407558902991,
    0.04231941775881401,
    0.041084688396908715,
    0.04160599707421825,
    0.044063053739555956,
    0.04407643973108681,
    0.04250496965585817,
    0.040342416454622526,
    0.04154421547820516,
    0.043282464362152905,
    0.04194832733214546,
    0.04262678042765835,
    0.041939465017151366,
    0.04200824459525129,
    0.04332771415694433,
    0.040342780898905875,
    0.0431800809221479,
    0.04303304414326861
  ],
  "mission_states_curve": [
    0,
    0,
    0,
    0,
    0,
    0,
    0,
    0,
    0,
    0,
    0,
    0,
    0,
    0,
    0,
    0,
    0,
    0,
    0,
    0,
    0,
    0,
    0,
    0,
    0,
    0,
    0,
    0,
    0,
    0,
    0,
    0,
    0,
    0,
    0,
    0,
    0,
    0,
    0,
    0,
    0,
    0,
    0,
    0,
    0,
    0,
    0,
    0,
    0,
    0,
    0,
    0,
    0,
    0,
    0,
    0,
    0,
    0,
    0,
    0,
    0,
    0,
    0,
    0,
    0,
    0,
    0,
    0,
    0,
    0,
    0,
    0,
    0,
    0,
    0,
    0,
    0,
    0,
    0,
    0,
    0,
    0,
    0,
    0,
    0,
    0,
    0,
    0,
    0,
    0,
    0,
    0,
    0,
    0,
    0,
    0,
    0,
    0,
    0,
    0
  ],
  "participant_states_curve": [
    48,
    48,
    48,
    48,
    48,
    48,
    48,
    48,
    48,
    48,
    48,
    48,
    48,
    48,
    48,
    48,
    48,
    48,
    48,
    48,
    48,
    48,
    48,
    48,
    48,
    48,
    48,
    48,
    48,
    48,
    48,
    48,
    48,
    48,
    48,
    48,
    48,
    48,
    48,
    48,
    48,
    48,
    48,
    48,
    48,
    48,
    48,
    48,
    48,
    48,
    48,
    48,
    48,
    48,
    48,
    48,
    48,
    48,
    48,
    48,
    48,
    48,
    48,
    48,
    48,
    48,
    48,
    48,
    48,
    48,
    48,
    48,
    48,
    48,
    48,
    48,
    48,
    48,
    48,
    48,
    48,
    48,
    48,
    48,
    48,
    48,
    48,
    48,
    48,
    48,
    48,
    48,
    48,
    48,
    48,
    48,
    48,
    48,
    48,
    48
  ]
}