{
  "checkpoint_episodes": [
    300,
    600,
    900,
    1200,
    1500,
    1800,
    2100,
    2400,
    2700,
    3000,
    3300,
    3600,
    3900,
    4200,
    4500,
    4800,
    5100,
    5400,
    5700,
    6000,
    6300,
    6600,
    6900,
    7200,
    7500,
    7800,
    8100,
    8400,
    8700,
    9000,
    9300,
    9600,
    9900,
    10200,
    10500,
    10800,
    11100,
    11400,
    11700,
    12000,
    12300,
    12600,
    12900,
    13200,
    13500,
    13800,
    14100,
    14400,
    14700,
    15000,
    15300,
    15600,
    15900,
    16200,
    16500,
    16800,
    17100,
    17400,
    17700,
    18000,
    18300,
    18600,
    18900,
    19200,
    19500,
    19800,
    20100,
    20400,
    20700,
    21000,
    21300,
    21600,
    21900,
    22200,
    22500,
    22800,
    23100,
    23400,
    23700,
    24000,
    24300,
    24600,
    24900,
    25200,
    25500,
    25800,
    26100,
    26400,
    26700,
    27000,
    27300,
    27600,
    27900,
    28200,
    28500,
    28800,
    29100,
    29400,
    29700,
    30000
  ],
  "win_rate_curve": [
    0.19666666666666666,
    0.19333333333333333,
    0.21333333333333335,
    0.23,
    0.19333333333333333,
    0.19333333333333333,
    0.19333333333333333,
    0.19,
    0.22666666666666666,
    0.21666666666666667,
    0.19,
    0.23,
    0.20333333333333334,
    0.22666666666666666,
    0.21,
    0.25666666666666665,
    0.19333333333333333,
    0.24,
    0.26,
    0.21666666666666667,
    0.26666666666666666,
    0.24666666666666667,
    0.2966666666666667,
    0.28,
    0.25,
    0.2733333333333333,
    0.27666666666666667,
    0.2866666666666667,
    0.21666666666666667,
    0.27666666666666667,
    0.26,
    0.22666666666666666,
    0.21666666666666667,
    0.2633333333333333,
    0.2866666666666667,
    0.2633333333333333,
    0.29,
    0.2866666666666667,
    0.24333333333333335,
    0.25333333333333335,
    0.31,
    0.23666666666666666,
    0.3,
    0.2633333333333333,
    0.26,
    0.24,
    0.29,
    0.32666666666666666,
    0.23666666666666666,
    0.2966666666666667,
    0.3466666666666667,
    0.33666666666666667,
    0.31666666666666665,
    0.33,
    0.32,
    0.23666666666666666,
    0.27,
    0.31,
    0.35,
    0.3566666666666667,
    0.26666666666666666,
    0.2966666666666667,
    0.31333333333333335,
    0.35333333333333333,
    0.31333333333333335,
    0.3333333333333333,
    0.3233333333333333,
    0.3566666666666667,
    0.36666666666666664,
    0.36,
    0.3433333333333333,
    0.37666666666666665,
    0.37,
    0.36,
    0.31333333333333335,
    0.37333333333333335,
    0.33,
    0.35,
    0.37333333333333335,
    0.30666666666666664,
    0.3933333333333333,
    0.31,
    0.3466666666666667,
    0.32,
    0.31666666666666665,
    0.3466666666666667,
    0.3466666666666667,
    0.34,
    0.3433333333333333,
    0.3333333333333333,
    0.3933333333333333,
    0.3433333333333333,
    0.38,
    0.36333333333333334,
    0.35333333333333333,
    0.33,
    0.35,
    0.38333333333333336,
    0.3433333333333333,
    0.3333333333333333
  ],
  "td_error_curve": [
    0.11382428063783527,
    0.11850834447613254,
    0.12027939391682704,
    0.12114079685877648,
    0.11838620709692702,
    0.11734486212243722,
    0.11403784306485844,
    0.11277442534094322,
    0.11602586226190266,
    0.11424520832360764,
    0.1133187898659005,
    0.11272957653270808,
    0.1112951286392344,
    0.1124652405529452,
    0.114016476906581,
    0.11243309381308891,
    0.1105782579637382,
    0.11109056552401683,
    0.11237227319031609,
    0.10790185522208418,
    0.11102898154896373,
    0.10984764209636981,
    0.11331676807457497,
    0.11219660677601852,
    0.10831975724761012,
    0.10824688007663734,
    0.10890389097811995,
    0.11047865565734044,
    0.10409130283579716,
    0.1065291177996465,
    0.10604336346680855,
    0.10186560999307377,
    0.10018662250590213,
    0.10247236796015353,
    0.10412142749801889,
    0.10558886327106799,
    0.10343709012716572,
    0.10321899269597738,
    0.09789311064889164,
    0.10112397306307862,
    0.10198883806225834,
    0.09893297885752662,
    0.09985344806764301,
    0.09716872625709246,
    0.09515436102590571,
    0.09482077017570684,
    0.09737204175454023,
    0.09714010906309174,
    0.09326623638593691,
    0.09565894707659536,
    0.09703420258838333,
    0.0974916171853399,
    0.0947498576985998,
    0.09693890378813312,
    0.09394118467658641,
    0.09102918319590511,
    0.09020073335998828,
    0.09111717484999395,
    0.09509204472928066,
    0.0947082129445159,
    0.08821074970465512,
    0.08788951626870312,
    0.08985744424729207,
    0.0912307031061849,
    0.08672430193760275,
    0.08873997345340894,
    0.08714800053736695,
    0.087094347064991,
    0.08672490525575016,
    0.08727216268094667,
    0.08455924409795366,
    0.08595058418391517,
    0.08648079702983472,
    0.08641218133133736,
    0.08396110037417676,
    0.0843154961055035,
    0.08288294118605131,
    0.0822909875869218,
    0.0877597973169302,
    0.08093556124990417,
    0.08585864239963452,
    0.08207985685173727,
    0.0853664129353086,
    0.08553824527489491,
    0.08602718569318608,
    0.08459054990226994,
    0.08321491146114775,
    0.083893106717053,
    0.08174392753225361,
    0.08152299088220408,
    0.08707859778223367,
    0.08307493831890653,
    0.08729838453946095,
    0.08603834291906434,
    0.08628256391840745,
    0.08402124683713244,
    0.08386558176741017,
    0.08643205118491065,
    0.08467520446904957,
    0.08422905579959791
  ],
  "mission_states_curve": [
    404,
    434,
    444,
    449,
    454,
    456,
    459,
    461,
    462,
    466,
    470,
    470,
    472,
    473,
    473,
    474,
    475,
    475,
    476,
    477,
    477,
    478,
    478,
    478,
    478,
    478,
    478,
    478,
    478,
    478,
    479,
    479,
    479,
    479,
    479,
    479,
    479,
    479,
    479,
    479,
    479,
    479,
    479,
    479,
    479,
    479,
    479,
    479,
    479,
    479,
    479,
    479,
    479,
    479,
    479,
    479,
    479,
    480,
    480,
    480,
    480,
    480,
    480,
    480,
    480,
    480,
    480,
    480,
    480,
    480,
    480,
    480,
    480,
    480,
    480,
    480,
    480,
    480,
    480,
    480,
    480,
    480,
    480,
    480,
    480,
    480,
    480,
    480,
    480,
    480,
    480,
    480,
    480,
    480,
    480,
    480,
    480,
    480,
    480,
    480
  ],
  "participant_states_curve": [
    48,
    48,
    48,
    48,
    48,
    48,
    48,
    48,
    48,
    48,
    48,
    48,
    48,
    48,
    48,
    48,
    48,
    48,
    48,
    48,
    48,
    48,
    48,
    48,
    48,
    48,
    48,
    48,
    48,
    48,
    48,
    48,
    48,
    48,
    48,
    48,
    48,
    48,
    48,
    48,
    48,
    48,
    48,
    48,
    48,
    48,
    48,
    48,
    48,
    48,
    48,
    48,
    48,
    48,
    48,
    48,
    48,
    48,
    48,
    48,
    48,
    48,
    48,
    48,
    48,
    48,
    48,
    48,
    48,
    48,
    48,
    48,
    48,
    48,
    48,
    48,
    48,
    48,
    48,
    48,
    48,
    48,
    48,
    48,
    48,
    48,
    48,
    48,
    48,
    48,
    48,
    48,
    48,
    48,
    48,
    48,
    48,
    48,
    48,
    48
  ]
}