{
  "checkpoint_episodes": [
    300,
    600,
    900,
    1200,
    1500,
    1800,
    2100,
    2400,
    2700,
    3000,
    3300,
    3600,
    3900,
    4200,
    4500,
    4800,
    5100,
    5400,
    5700,
    6000,
    6300,
    6600,
    6900,
    7200,
    7500,
    7800,
    8100,
    8400,
    8700,
    9000,
    9300,
    9600,
    9900,
    10200,
    10500,
    10800,
    11100,
    11400,
    11700,
    12000,
    12300,
    12600,
    12900,
    13200,
    13500,
    13800,
    14100,
    14400,
    14700,
    15000,
    15300,
    15600,
    15900,
    16200,
    16500,
    16800,
    17100,
    17400,
    17700,
    18000,
    18300,
    18600,
    18900,
    19200,
    19500,
    19800,
    20100,
    20400,
    20700,
    21000,
    21300,
    21600,
    21900,
    22200,
    22500,
    22800,
    23100,
    23400,
    23700,
    24000,
    24300,
    24600,
    24900,
    25200,
    25500,
    25800,
    26100,
    26400,
    26700,
    27000,
    27300,
    27600,
    27900,
    28200,
    28500,
    28800,
    29100,
    29400,
    29700,
    30000
  ],
  "win_rate_curve": [
    0.23666666666666666,
    0.20666666666666667,
    0.19,
    0.23333333333333334,
    0.21,
    0.23333333333333334,
    0.22333333333333333,
    0.22666666666666666,
    0.20666666666666667,
    0.19,
    0.24333333333333335,
    0.25333333333333335,
    0.20666666666666667,
    0.25,
    0.22,
    0.27666666666666667,
    0.2733333333333333,
    0.24666666666666667,
    0.27,
    0.22,
    0.24666666666666667,
    0.21666666666666667,
    0.27666666666666667,
    0.27666666666666667,
    0.29333333333333333,
    0.29,
    0.26,
    0.22666666666666666,
    0.30666666666666664,
    0.27666666666666667,
    0.22333333333333333,
    0.25333333333333335,
    0.29,
    0.3,
    0.25666666666666665,
    0.26,
    0.35,
    0.26666666666666666,
    0.2966666666666667,
    0.31,
    0.30333333333333334,
    0.2966666666666667,
    0.37666666666666665,
    0.25333333333333335,
    0.31666666666666665,
    0.29,
    0.3566666666666667,
    0.32666666666666666,
    0.29333333333333333,
    0.29333333333333333,
    0.29333333333333333,
    0.31333333333333335,
    0.34,
    0.2866666666666667,
    0.2833333333333333,
    0.30666666666666664,
    0.30666666666666664,
    0.31,
    0.32,
    0.36,
    0.37,
    0.2966666666666667,
    0.32666666666666666,
    0.36333333333333334,
    0.33,
    0.38,
    0.38,
    0.37333333333333335,
    0.4166666666666667,
    0.4033333333333333,
    0.4266666666666667,
    0.34,
    0.42,
    0.3333333333333333,
    0.36333333333333334,
    0.4766666666666667,
    0.36666666666666664,
    0.3933333333333333,
    0.36,
    0.36,
    0.37666666666666665,
    0.36,
    0.4,
    0.3566666666666667,
    0.41,
    0.4033333333333333,
    0.3933333333333333,
    0.4033333333333333,
    0.34,
    0.4166666666666667,
    0.36666666666666664,
    0.37,
    0.38333333333333336,
    0.4,
    0.39666666666666667,
    0.4,
    0.39666666666666667,
    0.38333333333333336,
    0.3433333333333333,
    0.3333333333333333
  ],
  "td_error_curve": [
    0.1473837974681565,
    0.16261997419606544,
    0.165572546616507,
    0.17432893360815904,
    0.16440248422835896,
    0.1752499975109915,
    0.1622174312702257,
    0.17233717487948408,
    0.16480625340665195,
    0.16521771387400178,
    0.16982814212094852,
    0.16596251305789056,
    0.16326818238596258,
    0.15822971774926708,
    0.16348775759690776,
    0.1701702140079646,
    0.16749833234595063,
    0.16460129990154346,
    0.16717577590505478,
    0.15638256492321442,
    0.16068484644707723,
    0.15707871899479733,
    0.16118199947739198,
    0.16104289218289017,
    0.16420040811984057,
    0.1614301647185157,
    0.15853672025370985,
    0.15712537481908787,
    0.15856316438595325,
    0.15914421530928552,
    0.15738054630843026,
    0.14932288743977817,
    0.15529898754857396,
    0.1616607740182474,
    0.155195401775631,
    0.15104118092285762,
    0.16175587396467492,
    0.15472122282274453,
    0.1592711811815074,
    0.15359397068686523,
    0.15964436975701438,
    0.15442375075507783,
    0.15952450508084529,
    0.15082373519792655,
    0.14998755850195739,
    0.14630999637534156,
    0.16047348563036792,
    0.14960713920794128,
    0.14844425899435562,
    0.14323526896623268,
    0.14733955688416092,
    0.14554328788450208,
    0.15692265365237337,
    0.1452237322933013,
    0.14029877979655614,
    0.1429144856424982,
    0.1466594038155037,
    0.14409782559017925,
    0.14995757182995936,
    0.14369392711665022,
    0.14498888893685208,
    0.14165506320260857,
    0.14239278017618381,
    0.147092006732965,
    0.1406379756036145,
    0.1425489149168842,
    0.14426939374126516,
    0.14460606738914586,
    0.14483482851352203,
    0.1450406061563342,
    0.1422868888436028,
    0.14247237834353016,
    0.14703082531125355,
    0.14197587597852535,
    0.14213962764073204,
    0.14585846151275086,
    0.13734922037386652,
    0.1381371607111092,
    0.14767474115326387,
    0.1369278896074102,
    0.14744260589629196,
    0.13798926171501777,
    0.14200327899998913,
    0.14211523948974575,
    0.14365759703183142,
    0.14405809671195885,
    0.14454822943632162,
    0.14089126155375326,
    0.13640973828550562,
    0.1427137434047476,
    0.14841727786713085,
    0.13974539483482196,
    0.14611780576683514,
    0.14457938603590242,
    0.14858132764234144,
    0.1442418010875452,
    0.14842096281926223,
    0.1418965865256636,
    0.1428402454707837,
    0.14150998477662172
  ],
  "mission_states_curve": [
    392,
    425,
    439,
    457,
    464,
    469,
    471,
    472,
    472,
    473,
    473,
    473,
    473,
    473,
    473,
    473,
    474,
    474,
    474,
    474,
    474,
    475,
    476,
    476,
    476,
    476,
    476,
    476,
    477,
    477,
    477,
    477,
    477,
    477,
    477,
    477,
    477,
    478,
    478,
    478,
    478,
    478,
    478,
    478,
    478,
    478,
    478,
    478,
    478,
    478,
    478,
    478,
    478,
    478,
    479,
    479,
    479,
    479,
    479,
    479,
    479,
    479,
    479,
    479,
    479,
    479,
    479,
    479,
    479,
    479,
    479,
    479,
    479,
    479,
    479,
    479,
    479,
    479,
    479,
    479,
    479,
    479,
    479,
    479,
    479,
    479,
    479,
    479,
    479,
    479,
    479,
    479,
    479,
    479,
    479,
    479,
    479,
    479,
    479,
    479
  ],
  "participant_states_curve": [
    0,
    0,
    0,
    0,
    0,
    0,
    0,
    0,
    0,
    0,
    0,
    0,
    0,
    0,
    0,
    0,
    0,
    0,
    0,
    0,
    0,
    0,
    0,
    0,
    0,
    0,
    0,
    0,
    0,
    0,
    0,
    0,
    0,
    0,
    0,
    0,
    0,
    0,
    0,
    0,
    0,
    0,
    0,
    0,
    0,
    0,
    0,
    0,
    0,
    0,
    0,
    0,
    0,
    0,
    0,
    0,
    0,
    0,
    0,
    0,
    0,
    0,
    0,
    0,
    0,
    0,
    0,
    0,
    0,
    0,
    0,
    0,
    0,
    0,
    0,
    0,
    0,
    0,
    0,
    0,
    0,
    0,
    0,
    0,
    0,
    0,
    0,
    0,
    0,
    0,
    0,
    0,
    0,
    0,
    0,
    0,
    0,
    0,
    0,
    0
  ]
}