{
  "checkpoint_episodes": [
    300,
    600,
    900,
    1200,
    1500,
    1800,
    2100,
    2400,
    2700,
    3000,
    3300,
    3600,
    3900,
    4200,
    4500,
    4800,
    5100,
    5400,
    5700,
    6000,
    6300,
    6600,
    6900,
    7200,
    7500,
    7800,
    8100,
    8400,
    8700,
    9000,
    9300,
    9600,
    9900,
    10200,
    10500,
    10800,
    11100,
    11400,
    11700,
    12000,
    12300,
    12600,
    12900,
    13200,
    13500,
    13800,
    14100,
    14400,
    14700,
    15000,
    15300,
    15600,
    15900,
    16200,
    16500,
    16800,
    17100,
    17400,
    17700,
    18000,
    18300,
    18600,
    18900,
    19200,
    19500,
    19800,
    20100,
    20400,
    20700,
    21000,
    21300,
    21600,
    21900,
    22200,
    22500,
    22800,
    23100,
    23400,
    23700,
    24000,
    24300,
    24600,
    24900,
    25200,
    25500,
    25800,
    26100,
    26400,
    26700,
    27000,
    27300,
    27600,
    27900,
    28200,
    28500,
    28800,
    29100,
    29400,
    29700,
    30000
  ],
  "win_rate_curve": [
    0.32666666666666666,
    0.31666666666666665,
    0.3333333333333333,
    0.3466666666666667,
    0.29333333333333333,
    0.2833333333333333,
    0.35,
    0.29,
    0.3233333333333333,
    0.2833333333333333,
    0.32666666666666666,
    0.3466666666666667,
    0.22666666666666666,
    0.26666666666666666,
    0.31,
    0.30333333333333334,
    0.31666666666666665,
    0.31333333333333335,
    0.33666666666666667,
    0.35333333333333333,
    0.2733333333333333,
    0.2966666666666667,
    0.32,
    0.32,
    0.30666666666666664,
    0.30666666666666664,
    0.2966666666666667,
    0.26666666666666666,
    0.30333333333333334,
    0.27666666666666667,
    0.2833333333333333,
    0.2866666666666667,
    0.25666666666666665,
    0.30666666666666664,
    0.32,
    0.32,
    0.31666666666666665,
    0.31666666666666665,
    0.35333333333333333,
    0.3233333333333333,
    0.31333333333333335,
    0.29,
    0.30666666666666664,
    0.32,
    0.3233333333333333,
    0.2866666666666667,
    0.31666666666666665,
    0.30333333333333334,
    0.29333333333333333,
    0.3333333333333333,
    0.29,
    0.36333333333333334,
    0.30666666666666664,
    0.3233333333333333,
    0.26,
    0.3333333333333333,
    0.2733333333333333,
    0.31666666666666665,
    0.24333333333333335,
    0.3,
    0.26666666666666666,
    0.35333333333333333,
    0.31333333333333335,
    0.3,
    0.31333333333333335,
    0.3433333333333333,
    0.30333333333333334,
    0.2866666666666667,
    0.2733333333333333,
    0.31333333333333335,
    0.3,
    0.2733333333333333,
    0.3,
    0.31666666666666665,
    0.25333333333333335,
    0.31666666666666665,
    0.29,
    0.3433333333333333,
    0.29,
    0.2966666666666667,
    0.30333333333333334,
    0.30666666666666664,
    0.2866666666666667,
    0.3433333333333333,
    0.25333333333333335,
    0.32666666666666666,
    0.31,
    0.3333333333333333,
    0.2966666666666667,
    0.30666666666666664,
    0.25666666666666665,
    0.29333333333333333,
    0.28,
    0.3233333333333333,
    0.2633333333333333,
    0.29,
    0.24333333333333335,
    0.31,
    0.32,
    0.31333333333333335
  ],
  "td_error_curve": [
    0.09230564412233008,
    0.09185296330225808,
    0.09120730912338512,
    0.09386712766448052,
    0.09141446884509515,
    0.08967920160820296,
    0.0889232686008576,
    0.08887928866821383,
    0.0887424458402024,
    0.08719856060050178,
    0.08878584678095838,
    0.08730799822804211,
    0.08281770135040142,
    0.0835538487419783,
    0.08576487164038532,
    0.08418979380988237,
    0.08239005832723066,
    0.08426798183084748,
    0.08179630036881401,
    0.08307243729922394,
    0.0787158752937912,
    0.0773284704356713,
    0.07864072897364086,
    0.07945350480829728,
    0.07759631573921502,
    0.07543706370641158,
    0.07608674774093634,
    0.07321944716637122,
    0.07377302660217085,
    0.07307686916290765,
    0.07349351672046338,
    0.07372142314343842,
    0.07133245608263272,
    0.0704441250575535,
    0.07138106868565144,
    0.06908553232646823,
    0.06893583713471244,
    0.0712601550736422,
    0.06894512269138037,
    0.0698899516689044,
    0.06793852542728125,
    0.06563691488698019,
    0.06548444695381468,
    0.06502263832210443,
    0.06470135732302866,
    0.0646193231789904,
    0.06398181564699475,
    0.06364037515176017,
    0.0627180950373522,
    0.06229354046697901,
    0.06152869231286489,
    0.062377847319221684,
    0.06052721595928911,
    0.060088873625292624,
    0.05813027667027491,
    0.06021417650901873,
    0.05701860721302561,
    0.05608520261013648,
    0.05489604040376868,
    0.0556153112451042,
    0.05410399539485481,
    0.053290175261128926,
    0.05287513305874574,
    0.05327691603338107,
    0.05233026499398584,
    0.05078723375482887,
    0.04905320559822497,
    0.04759825045860442,
    0.045583010580020976,
    0.04737479101525154,
    0.04520325689492157,
    0.04643678566923145,
    0.04514341603250487,
    0.046539572472952706,
    0.04580069388743805,
    0.047782051974778236,
    0.04620043463180633,
    0.04621161406439598,
    0.04486026082452771,
    0.04580384604117773,
    0.045525060571220494,
    0.04594299438457938,
    0.043601117749355,
    0.04609792879410396,
    0.04669423844974196,
    0.04558893693187543,
    0.046365439784419635,
    0.047737072799960145,
    0.044733055708242535,
    0.04743649708532297,
    0.04525925670847938,
    0.044574757162413374,
    0.044875447549359536,
    0.04556837520746525,
    0.04737014260241447,
    0.04529341714254393,
    0.044698309269338314,
    0.04650396154945809,
    0.0469335427621855,
    0.045403042004006425
  ],
  "mission_states_curve": [
    0,
    0,
    0,
    0,
    0,
    0,
    0,
    0,
    0,
    0,
    0,
    0,
    0,
    0,
    0,
    0,
    0,
    0,
    0,
    0,
    0,
    0,
    0,
    0,
    0,
    0,
    0,
    0,
    0,
    0,
    0,
    0,
    0,
    0,
    0,
    0,
    0,
    0,
    0,
    0,
    0,
    0,
    0,
    0,
    0,
    0,
    0,
    0,
    0,
    0,
    0,
    0,
    0,
    0,
    0,
    0,
    0,
    0,
    0,
    0,
    0,
    0,
    0,
    0,
    0,
    0,
    0,
    0,
    0,
    0,
    0,
    0,
    0,
    0,
    0,
    0,
    0,
    0,
    0,
    0,
    0,
    0,
    0,
    0,
    0,
    0,
    0,
    0,
    0,
    0,
    0,
    0,
    0,
    0,
    0,
    0,
    0,
    0,
    0,
    0
  ],
  "participant_states_curve": [
    47,
    48,
    48,
    48,
    48,
    48,
    48,
    48,
    48,
    48,
    48,
    48,
    48,
    48,
    48,
    48,
    48,
    48,
    48,
    48,
    48,
    48,
    48,
    48,
    48,
    48,
    48,
    48,
    48,
    48,
    48,
    48,
    48,
    48,
    48,
    48,
    48,
    48,
    48,
    48,
    48,
    48,
    48,
    48,
    48,
    48,
    48,
    48,
    48,
    48,
    48,
    48,
    48,
    48,
    48,
    48,
    48,
    48,
    48,
    48,
    48,
    48,
    48,
    48,
    48,
    48,
    48,
    48,
    48,
    48,
    48,
    48,
    48,
    48,
    48,
    48,
    48,
    48,
    48,
    48,
    48,
    48,
    48,
    48,
    48,
    48,
    48,
    48,
    48,
    48,
    48,
    48,
    48,
    48,
    48,
    48,
    48,
    48,
    48,
    48
  ]
}