{
  "checkpoint_episodes": [
    300,
    600,
    900,
    1200,
    1500,
    1800,
    2100,
    2400,
    2700,
    3000,
    3300,
    3600,
    3900,
    4200,
    4500,
    4800,
    5100,
    5400,
    5700,
    6000,
    6300,
    6600,
    6900,
    7200,
    7500,
    7800,
    8100,
    8400,
    8700,
    9000,
    9300,
    9600,
    9900,
    10200,
    10500,
    10800,
    11100,
    11400,
    11700,
    12000,
    12300,
    12600,
    12900,
    13200,
    13500,
    13800,
    14100,
    14400,
    14700,
    15000,
    15300,
    15600,
    15900,
    16200,
    16500,
    16800,
    17100,
    17400,
    17700,
    18000,
    18300,
    18600,
    18900,
    19200,
    19500,
    19800,
    20100,
    20400,
    20700,
    21000,
    21300,
    21600,
    21900,
    22200,
    22500,
    22800,
    23100,
    23400,
    23700,
    24000,
    24300,
    24600,
    24900,
    25200,
    25500,
    25800,
    26100,
    26400,
    26700,
    27000,
    27300,
    27600,
    27900,
    28200,
    28500,
    28800,
    29100,
    29400,
    29700,
    30000
  ],
  "win_rate_curve": [
    0.25666666666666665,
    0.23,
    0.16333333333333333,
    0.24333333333333335,
    0.22333333333333333,
    0.25,
    0.2633333333333333,
    0.25666666666666665,
    0.23,
    0.2966666666666667,
    0.25666666666666665,
    0.25333333333333335,
    0.20333333333333334,
    0.2866666666666667,
    0.2633333333333333,
    0.26666666666666666,
    0.19,
    0.24666666666666667,
    0.24333333333333335,
    0.27666666666666667,
    0.3233333333333333,
    0.30666666666666664,
    0.2866666666666667,
    0.3233333333333333,
    0.33,
    0.30333333333333334,
    0.2966666666666667,
    0.28,
    0.2633333333333333,
    0.3233333333333333,
    0.29,
    0.35333333333333333,
    0.25333333333333335,
    0.2833333333333333,
    0.24666666666666667,
    0.2866666666666667,
    0.33666666666666667,
    0.2966666666666667,
    0.3,
    0.31333333333333335,
    0.3566666666666667,
    0.3233333333333333,
    0.3,
    0.32666666666666666,
    0.29333333333333333,
    0.32,
    0.29,
    0.31666666666666665,
    0.30666666666666664,
    0.34,
    0.33666666666666667,
    0.34,
    0.3433333333333333,
    0.34,
    0.30333333333333334,
    0.38666666666666666,
    0.30666666666666664,
    0.32666666666666666,
    0.38666666666666666,
    0.3333333333333333,
    0.3933333333333333,
    0.37,
    0.4,
    0.37333333333333335,
    0.30333333333333334,
    0.32666666666666666,
    0.38,
    0.38333333333333336,
    0.36666666666666664,
    0.35,
    0.38666666666666666,
    0.3333333333333333,
    0.36666666666666664,
    0.41,
    0.38,
    0.3566666666666667,
    0.4033333333333333,
    0.38,
    0.38333333333333336,
    0.43666666666666665,
    0.38666666666666666,
    0.38666666666666666,
    0.46,
    0.35333333333333333,
    0.3466666666666667,
    0.37666666666666665,
    0.45,
    0.36333333333333334,
    0.4066666666666667,
    0.38333333333333336,
    0.36,
    0.4166666666666667,
    0.34,
    0.35333333333333333,
    0.39666666666666667,
    0.41,
    0.38333333333333336,
    0.36,
    0.39666666666666667,
    0.35333333333333333
  ],
  "td_error_curve": [
    0.1499041482825362,
    0.17782010162698902,
    0.1800417997404512,
    0.18977557592055252,
    0.19697564730033001,
    0.1819428396074235,
    0.18520023874806524,
    0.18377420296289662,
    0.1773448674650206,
    0.17563970665812267,
    0.17321668603836815,
    0.18105801276648956,
    0.17687652896809944,
    0.17258868035974656,
    0.17331356901064912,
    0.17762486042197456,
    0.1707701943833935,
    0.1729105333967271,
    0.16819689260701806,
    0.16935658344414586,
    0.1652163853148647,
    0.17145592210686056,
    0.16926475095077925,
    0.16303329173855732,
    0.16925971677063953,
    0.16630192726301773,
    0.16536679435893512,
    0.15879700499155563,
    0.15756819742165915,
    0.16275587418719195,
    0.167375639955897,
    0.1613749951240089,
    0.15410291399897097,
    0.15800499822859015,
    0.15505591448038317,
    0.15663808757216477,
    0.15291846446806645,
    0.14858824348430177,
    0.15329713754583935,
    0.15363668994725688,
    0.15252774870179822,
    0.14660631235284413,
    0.15089414988109073,
    0.1529134856038159,
    0.14382851058416213,
    0.1513011760881205,
    0.14739081272962018,
    0.14861940259765327,
    0.14530571221058297,
    0.14343109247109243,
    0.14420151022597513,
    0.1472920678787815,
    0.137548659186915,
    0.14343767758373288,
    0.1399611059359809,
    0.14298430038881485,
    0.14423853031620357,
    0.13863651563535725,
    0.1405202559861409,
    0.14017855886255143,
    0.13804140435484652,
    0.14096198117870476,
    0.13779133597716048,
    0.13746418255352946,
    0.13664715028880922,
    0.1317563198601026,
    0.13545554938829835,
    0.14027003218813228,
    0.1340823658329462,
    0.1359784787545841,
    0.1361729968214729,
    0.12892538286299987,
    0.13461130271220104,
    0.13470787026001835,
    0.13029680066658444,
    0.13448344914509539,
    0.13115473751054033,
    0.132824780038833,
    0.12949716903988687,
    0.13840225624891458,
    0.13580130876622157,
    0.12982361732956463,
    0.13926443773147174,
    0.13102171380744906,
    0.13082709349043858,
    0.13112918894438988,
    0.13680504845865696,
    0.13155416120455254,
    0.13361184334557794,
    0.13525179815802327,
    0.13559511096184532,
    0.13498243127100995,
    0.13010967664357265,
    0.1314085833663481,
    0.131754189241142,
    0.13298089804085328,
    0.13237836054634777,
    0.13104658778410055,
    0.13128299354375256,
    0.13090993229187436
  ],
  "mission_states_curve": [
    527,
    577,
    597,
    610,
    622,
    631,
    641,
    643,
    647,
    648,
    654,
    655,
    659,
    660,
    662,
    662,
    663,
    664,
    664,
    664,
    665,
    666,
    666,
    666,
    666,
    666,
    667,
    667,
    667,
    670,
    671,
    671,
    671,
    671,
    671,
    673,
    673,
    673,
    673,
    673,
    673,
    673,
    673,
    674,
    674,
    675,
    675,
    675,
    676,
    676,
    676,
    676,
    676,
    676,
    676,
    676,
    676,
    677,
    677,
    677,
    677,
    677,
    677,
    677,
    677,
    677,
    677,
    678,
    678,
    678,
    678,
    678,
    678,
    678,
    678,
    678,
    678,
    678,
    678,
    678,
    678,
    678,
    678,
    678,
    679,
    679,
    679,
    679,
    679,
    679,
    679,
    679,
    679,
    679,
    679,
    679,
    679,
    680,
    680,
    680
  ],
  "participant_states_curve": [
    0,
    0,
    0,
    0,
    0,
    0,
    0,
    0,
    0,
    0,
    0,
    0,
    0,
    0,
    0,
    0,
    0,
    0,
    0,
    0,
    0,
    0,
    0,
    0,
    0,
    0,
    0,
    0,
    0,
    0,
    0,
    0,
    0,
    0,
    0,
    0,
    0,
    0,
    0,
    0,
    0,
    0,
    0,
    0,
    0,
    0,
    0,
    0,
    0,
    0,
    0,
    0,
    0,
    0,
    0,
    0,
    0,
    0,
    0,
    0,
    0,
    0,
    0,
    0,
    0,
    0,
    0,
    0,
    0,
    0,
    0,
    0,
    0,
    0,
    0,
    0,
    0,
    0,
    0,
    0,
    0,
    0,
    0,
    0,
    0,
    0,
    0,
    0,
    0,
    0,
    0,
    0,
    0,
    0,
    0,
    0,
    0,
    0,
    0,
    0
  ]
}