{
  "checkpoint_episodes": [
    300,
    600,
    900,
    1200,
    1500,
    1800,
    2100,
    2400,
    2700,
    3000,
    3300,
    3600,
    3900,
    4200,
    4500,
    4800,
    5100,
    5400,
    5700,
    6000,
    6300,
    6600,
    6900,
    7200,
    7500,
    7800,
    8100,
    8400,
    8700,
    9000,
    9300,
    9600,
    9900,
    10200,
    10500,
    10800,
    11100,
    11400,
    11700,
    12000,
    12300,
    12600,
    12900,
    13200,
    13500,
    13800,
    14100,
    14400,
    14700,
    15000,
    15300,
    15600,
    15900,
    16200,
    16500,
    16800,
    17100,
    17400,
    17700,
    18000,
    18300,
    18600,
    18900,
    19200,
    19500,
    19800,
    20100,
    20400,
    20700,
    21000,
    21300,
    21600,
    21900,
    22200,
    22500,
    22800,
    23100,
    23400,
    23700,
    24000,
    24300,
    24600,
    24900,
    25200,
    25500,
    25800,
    26100,
    26400,
    26700,
    27000,
    27300,
    27600,
    27900,
    28200,
    28500,
    28800,
    29100,
    29400,
    29700,
    30000
  ],
  "win_rate_curve": [
    0.23666666666666666,
    0.2633333333333333,
    0.22,
    0.27,
    0.19333333333333333,
    0.20333333333333334,
    0.24333333333333335,
    0.19333333333333333,
    0.22666666666666666,
    0.25,
    0.23666666666666666,
    0.22,
    0.22,
    0.24666666666666667,
    0.23333333333333334,
    0.30666666666666664,
    0.26,
    0.2833333333333333,
    0.21333333333333335,
    0.23333333333333334,
    0.3233333333333333,
    0.31,
    0.25333333333333335,
    0.3,
    0.30333333333333334,
    0.2833333333333333,
    0.2733333333333333,
    0.31333333333333335,
    0.29333333333333333,
    0.26666666666666666,
    0.29333333333333333,
    0.2733333333333333,
    0.30333333333333334,
    0.30666666666666664,
    0.2966666666666667,
    0.2633333333333333,
    0.30666666666666664,
    0.27,
    0.29333333333333333,
    0.37333333333333335,
    0.34,
    0.3333333333333333,
    0.31,
    0.35333333333333333,
    0.3566666666666667,
    0.41333333333333333,
    0.31,
    0.37,
    0.34,
    0.3466666666666667,
    0.35,
    0.3233333333333333,
    0.3233333333333333,
    0.37,
    0.4166666666666667,
    0.4033333333333333,
    0.41333333333333333,
    0.44,
    0.38,
    0.42,
    0.39666666666666667,
    0.3933333333333333,
    0.42,
    0.39,
    0.36333333333333334,
    0.4,
    0.36333333333333334,
    0.41,
    0.39666666666666667,
    0.43333333333333335,
    0.38333333333333336,
    0.3566666666666667,
    0.4066666666666667,
    0.3566666666666667,
    0.37,
    0.37333333333333335,
    0.42333333333333334,
    0.4266666666666667,
    0.4033333333333333,
    0.43333333333333335,
    0.4666666666666667,
    0.35333333333333333,
    0.43333333333333335,
    0.38666666666666666,
    0.37333333333333335,
    0.44,
    0.44333333333333336,
    0.37,
    0.42333333333333334,
    0.4533333333333333,
    0.37,
    0.42,
    0.36333333333333334,
    0.37,
    0.4033333333333333,
    0.4266666666666667,
    0.37333333333333335,
    0.4,
    0.4066666666666667,
    0.42333333333333334
  ],
  "td_error_curve": [
    0.13605084025149325,
    0.1630485016134019,
    0.16225171472351999,
    0.16570169038266427,
    0.16007352675595224,
    0.1545253766488656,
    0.15466108271620568,
    0.1547099020231332,
    0.15095564341872128,
    0.16320688442942238,
    0.1611512207328823,
    0.15214364773813863,
    0.14874008321463783,
    0.1606280165282213,
    0.150163621088165,
    0.15841952308635762,
    0.15783624086490658,
    0.15658829407867436,
    0.1429388939847441,
    0.15111963664474395,
    0.15490333771122253,
    0.1576559556554012,
    0.14766090541696075,
    0.14969607500889284,
    0.1531086553288215,
    0.14612508705420724,
    0.15202887968662565,
    0.1493874171459563,
    0.1500185767201977,
    0.14835782238499773,
    0.1474770123779034,
    0.14414071808498335,
    0.148953117299334,
    0.15112977890166612,
    0.14520810647431978,
    0.14243346573066876,
    0.14623826934703066,
    0.14276716271657058,
    0.1458266187930758,
    0.14902505233468613,
    0.14879556847989367,
    0.143899278867575,
    0.1418729971041256,
    0.15005662025630953,
    0.1439934237583915,
    0.14672152060773772,
    0.1457421316808871,
    0.14055799016270318,
    0.14690871056335464,
    0.1421887528003789,
    0.14598909404852647,
    0.14039107329628295,
    0.1342410484124136,
    0.14275875810997796,
    0.14468083610823615,
    0.14479274050033575,
    0.1444275949638166,
    0.14243208927755865,
    0.14617717165949184,
    0.14131854956605622,
    0.13828878844568765,
    0.13625471422951368,
    0.1349373305218131,
    0.13391788441639033,
    0.13892129433830286,
    0.1318687904877719,
    0.1364281939025987,
    0.1365673128673164,
    0.1340483457471708,
    0.13803224703769917,
    0.130973231378512,
    0.13145832063538607,
    0.134919807537345,
    0.13084101306400595,
    0.13306417364508583,
    0.13125448037810364,
    0.13230911971630963,
    0.13080480886169735,
    0.13331507007443927,
    0.13376354072574922,
    0.13344881133850822,
    0.13214670299844888,
    0.1339592166524356,
    0.13678534448568758,
    0.13390951279609783,
    0.12863375733774535,
    0.1370176014841608,
    0.13328499324041607,
    0.13547088727282286,
    0.13005134369050833,
    0.13102725909504193,
    0.1335817824585391,
    0.13201488639079648,
    0.1344700380417596,
    0.12957727361598514,
    0.13250609605872365,
    0.13192775860524156,
    0.12938641612026586,
    0.13110973199795517,
    0.1312982746239923
  ],
  "mission_states_curve": [
    531,
    588,
    618,
    634,
    646,
    649,
    655,
    657,
    662,
    664,
    664,
    666,
    667,
    668,
    669,
    669,
    669,
    669,
    669,
    669,
    669,
    670,
    670,
    670,
    670,
    671,
    671,
    671,
    671,
    671,
    672,
    672,
    672,
    672,
    672,
    673,
    673,
    673,
    673,
    673,
    673,
    673,
    673,
    674,
    674,
    674,
    674,
    674,
    674,
    674,
    674,
    674,
    674,
    674,
    674,
    674,
    674,
    674,
    674,
    674,
    674,
    674,
    674,
    674,
    674,
    674,
    674,
    674,
    674,
    674,
    674,
    675,
    675,
    675,
    675,
    675,
    675,
    675,
    675,
    676,
    676,
    676,
    676,
    676,
    676,
    676,
    676,
    676,
    676,
    676,
    676,
    677,
    678,
    678,
    678,
    678,
    678,
    678,
    678,
    678
  ],
  "participant_states_curve": [
    0,
    0,
    0,
    0,
    0,
    0,
    0,
    0,
    0,
    0,
    0,
    0,
    0,
    0,
    0,
    0,
    0,
    0,
    0,
    0,
    0,
    0,
    0,
    0,
    0,
    0,
    0,
    0,
    0,
    0,
    0,
    0,
    0,
    0,
    0,
    0,
    0,
    0,
    0,
    0,
    0,
    0,
    0,
    0,
    0,
    0,
    0,
    0,
    0,
    0,
    0,
    0,
    0,
    0,
    0,
    0,
    0,
    0,
    0,
    0,
    0,
    0,
    0,
    0,
    0,
    0,
    0,
    0,
    0,
    0,
    0,
    0,
    0,
    0,
    0,
    0,
    0,
    0,
    0,
    0,
    0,
    0,
    0,
    0,
    0,
    0,
    0,
    0,
    0,
    0,
    0,
    0,
    0,
    0,
    0,
    0,
    0,
    0,
    0,
    0
  ]
}