{
  "checkpoint_episodes": [
    300,
    600,
    900,
    1200,
    1500,
    1800,
    2100,
    2400,
    2700,
    3000,
    3300,
    3600,
    3900,
    4200,
    4500,
    4800,
    5100,
    5400,
    5700,
    6000,
    6300,
    6600,
    6900,
    7200,
    7500,
    7800,
    8100,
    8400,
    8700,
    9000,
    9300,
    9600,
    9900,
    10200,
    10500,
    10800,
    11100,
    11400,
    11700,
    12000,
    12300,
    12600,
    12900,
    13200,
    13500,
    13800,
    14100,
    14400,
    14700,
    15000,
    15300,
    15600,
    15900,
    16200,
    16500,
    16800,
    17100,
    17400,
    17700,
    18000,
    18300,
    18600,
    18900,
    19200,
    19500,
    19800,
    20100,
    20400,
    20700,
    21000,
    21300,
    21600,
    21900,
    22200,
    22500,
    22800,
    23100,
    23400,
    23700,
    24000,
    24300,
    24600,
    24900,
    25200,
    25500,
    25800,
    26100,
    26400,
    26700,
    27000,
    27300,
    27600,
    27900,
    28200,
    28500,
    28800,
    29100,
    29400,
    29700,
    30000
  ],
  "win_rate_curve": [
    0.2833333333333333,
    0.24666666666666667,
    0.2633333333333333,
    0.25,
    0.2866666666666667,
    0.28,
    0.25666666666666665,
    0.2833333333333333,
    0.31333333333333335,
    0.25333333333333335,
    0.2833333333333333,
    0.26,
    0.26666666666666666,
    0.28,
    0.28,
    0.3,
    0.31,
    0.2866666666666667,
    0.32666666666666666,
    0.2733333333333333,
    0.28,
    0.31,
    0.2866666666666667,
    0.3433333333333333,
    0.31333333333333335,
    0.2966666666666667,
    0.33,
    0.3233333333333333,
    0.29333333333333333,
    0.36333333333333334,
    0.27666666666666667,
    0.31333333333333335,
    0.31666666666666665,
    0.33666666666666667,
    0.3433333333333333,
    0.3,
    0.3233333333333333,
    0.3433333333333333,
    0.3433333333333333,
    0.38,
    0.33666666666666667,
    0.35333333333333333,
    0.30666666666666664,
    0.33,
    0.4166666666666667,
    0.3466666666666667,
    0.36,
    0.36,
    0.3566666666666667,
    0.4066666666666667,
    0.38,
    0.35,
    0.37666666666666665,
    0.36666666666666664,
    0.38333333333333336,
    0.36333333333333334,
    0.37666666666666665,
    0.39,
    0.4066666666666667,
    0.42,
    0.38666666666666666,
    0.3433333333333333,
    0.38,
    0.42333333333333334,
    0.4066666666666667,
    0.4166666666666667,
    0.34,
    0.43333333333333335,
    0.44,
    0.43666666666666665,
    0.4666666666666667,
    0.43666666666666665,
    0.44333333333333336,
    0.44666666666666666,
    0.41,
    0.48,
    0.44,
    0.4266666666666667,
    0.37,
    0.4666666666666667,
    0.3566666666666667,
    0.4266666666666667,
    0.42,
    0.47,
    0.41333333333333333,
    0.47,
    0.4266666666666667,
    0.36333333333333334,
    0.47333333333333333,
    0.43333333333333335,
    0.44333333333333336,
    0.41,
    0.44666666666666666,
    0.49333333333333335,
    0.4866666666666667,
    0.41333333333333333,
    0.44,
    0.4033333333333333,
    0.46,
    0.44333333333333336
  ],
  "td_error_curve": [
    0.09093150246042599,
    0.09654652958505026,
    0.09789450002431818,
    0.09877975447930509,
    0.09865407028923952,
    0.09723501762618166,
    0.09620664310957801,
    0.09570350383916425,
    0.0974724008823324,
    0.09716901621677855,
    0.0942887609610843,
    0.09101837003158347,
    0.09237332586928917,
    0.0913865378356595,
    0.08726376951012677,
    0.09193349043143231,
    0.08901572189345668,
    0.09282908656316048,
    0.08999514469452904,
    0.0867156731196978,
    0.08950840328028598,
    0.08811070806297741,
    0.08955669649516164,
    0.08584008458476351,
    0.08625983568693744,
    0.0860092872620497,
    0.08585983576671953,
    0.08611363006569574,
    0.0872695056566691,
    0.08424325288193923,
    0.0859747222449945,
    0.08424845007458855,
    0.08460874797879754,
    0.08201699319814572,
    0.08336147955558933,
    0.08126253766892215,
    0.08197353431589208,
    0.08048378093925704,
    0.081974810265535,
    0.07879689919344637,
    0.07956019284794079,
    0.07903073518564416,
    0.07971972643561771,
    0.0776306174299048,
    0.07815252663181649,
    0.07805639885758509,
    0.07544470245210531,
    0.07675344722564731,
    0.07599318020451278,
    0.0743422044075361,
    0.0764150375940352,
    0.0730599724685012,
    0.07390079949668654,
    0.0732862760213245,
    0.07377448129026759,
    0.07097742257935294,
    0.0724694585225692,
    0.0718470433012697,
    0.06967814727461728,
    0.07118051431023249,
    0.06959616993890486,
    0.06899405625193182,
    0.06907240792481477,
    0.06805629966133252,
    0.06952956559817995,
    0.06749463624129995,
    0.06778314206627609,
    0.06665385688732979,
    0.0660168468290103,
    0.065251661287713,
    0.06480886155328172,
    0.06395991394801863,
    0.06554943042493251,
    0.06448901573187459,
    0.06294005022976212,
    0.06382565026481032,
    0.0638784192393676,
    0.06449302777027596,
    0.06526291415678766,
    0.06521499490245292,
    0.06593370801832504,
    0.06386539538723064,
    0.0630901835975404,
    0.06507767183493278,
    0.06287354567867431,
    0.0629960059681944,
    0.0641641642139247,
    0.06645415609524251,
    0.0649779188015007,
    0.06450951436141622,
    0.06492721083596559,
    0.06532929145077979,
    0.06364018031282596,
    0.0622459241092905,
    0.06436274676366666,
    0.06436297006979677,
    0.0647962634657679,
    0.06375235160457536,
    0.06361420772957466,
    0.06406927938447982
  ],
  "mission_states_curve": [
    618,
    698,
    743,
    754,
    769,
    788,
    801,
    808,
    811,
    816,
    820,
    825,
    828,
    831,
    832,
    834,
    837,
    838,
    838,
    839,
    841,
    843,
    843,
    846,
    848,
    848,
    849,
    850,
    850,
    854,
    854,
    855,
    855,
    856,
    858,
    859,
    859,
    859,
    860,
    860,
    862,
    862,
    864,
    864,
    864,
    865,
    865,
    865,
    865,
    865,
    865,
    865,
    865,
    866,
    866,
    866,
    866,
    866,
    866,
    866,
    866,
    866,
    867,
    867,
    867,
    868,
    868,
    869,
    869,
    869,
    869,
    869,
    869,
    870,
    870,
    870,
    870,
    870,
    870,
    870,
    870,
    872,
    872,
    872,
    872,
    872,
    872,
    872,
    872,
    872,
    872,
    872,
    872,
    872,
    872,
    872,
    872,
    872,
    872,
    872
  ],
  "participant_states_curve": [
    47,
    48,
    48,
    48,
    48,
    48,
    48,
    48,
    48,
    48,
    48,
    48,
    48,
    48,
    48,
    48,
    48,
    48,
    48,
    48,
    48,
    48,
    48,
    48,
    48,
    48,
    48,
    48,
    48,
    48,
    48,
    48,
    48,
    48,
    48,
    48,
    48,
    48,
    48,
    48,
    48,
    48,
    48,
    48,
    48,
    48,
    48,
    48,
    48,
    48,
    48,
    48,
    48,
    48,
    48,
    48,
    48,
    48,
    48,
    48,
    48,
    48,
    48,
    48,
    48,
    48,
    48,
    48,
    48,
    48,
    48,
    48,
    48,
    48,
    48,
    48,
    48,
    48,
    48,
    48,
    48,
    48,
    48,
    48,
    48,
    48,
    48,
    48,
    48,
    48,
    48,
    48,
    48,
    48,
    48,
    48,
    48,
    48,
    48,
    48
  ]
}