{
  "checkpoint_episodes": [
    300,
    600,
    900,
    1200,
    1500,
    1800,
    2100,
    2400,
    2700,
    3000,
    3300,
    3600,
    3900,
    4200,
    4500,
    4800,
    5100,
    5400,
    5700,
    6000,
    6300,
    6600,
    6900,
    7200,
    7500,
    7800,
    8100,
    8400,
    8700,
    9000,
    9300,
    9600,
    9900,
    10200,
    10500,
    10800,
    11100,
    11400,
    11700,
    12000,
    12300,
    12600,
    12900,
    13200,
    13500,
    13800,
    14100,
    14400,
    14700,
    15000,
    15300,
    15600,
    15900,
    16200,
    16500,
    16800,
    17100,
    17400,
    17700,
    18000,
    18300,
    18600,
    18900,
    19200,
    19500,
    19800,
    20100,
    20400,
    20700,
    21000,
    21300,
    21600,
    21900,
    22200,
    22500,
    22800,
    23100,
    23400,
    23700,
    24000,
    24300,
    24600,
    24900,
    25200,
    25500,
    25800,
    26100,
    26400,
    26700,
    27000,
    27300,
    27600,
    27900,
    28200,
    28500,
    28800,
    29100,
    29400,
    29700,
    30000
  ],
  "win_rate_curve": [
    0.3566666666666667,
    0.32,
    0.3466666666666667,
    0.38,
    0.3566666666666667,
    0.36666666666666664,
    0.37333333333333335,
    0.32,
    0.36,
    0.35,
    0.36333333333333334,
    0.34,
    0.32,
    0.3566666666666667,
    0.3566666666666667,
    0.36666666666666664,
    0.37666666666666665,
    0.29,
    0.37,
    0.35333333333333333,
    0.38666666666666666,
    0.38666666666666666,
    0.36333333333333334,
    0.33666666666666667,
    0.36,
    0.33,
    0.36,
    0.41333333333333333,
    0.30666666666666664,
    0.32666666666666666,
    0.35333333333333333,
    0.32,
    0.3466666666666667,
    0.3466666666666667,
    0.36666666666666664,
    0.35333333333333333,
    0.35,
    0.31333333333333335,
    0.36,
    0.35,
    0.34,
    0.39,
    0.33,
    0.36,
    0.3566666666666667,
    0.30666666666666664,
    0.4,
    0.33,
    0.36,
    0.34,
    0.3466666666666667,
    0.3433333333333333,
    0.3566666666666667,
    0.36666666666666664,
    0.3466666666666667,
    0.38333333333333336,
    0.2966666666666667,
    0.33,
    0.38,
    0.3433333333333333,
    0.35,
    0.33,
    0.3566666666666667,
    0.31,
    0.31666666666666665,
    0.31,
    0.3333333333333333,
    0.38333333333333336,
    0.37,
    0.3233333333333333,
    0.34,
    0.39,
    0.3466666666666667,
    0.33666666666666667,
    0.37333333333333335,
    0.33666666666666667,
    0.30666666666666664,
    0.31333333333333335,
    0.31,
    0.33666666666666667,
    0.3466666666666667,
    0.31333333333333335,
    0.36,
    0.3566666666666667,
    0.35333333333333333,
    0.38,
    0.31333333333333335,
    0.36,
    0.36,
    0.39666666666666667,
    0.36666666666666664,
    0.34,
    0.31666666666666665,
    0.31333333333333335,
    0.3566666666666667,
    0.3,
    0.31666666666666665,
    0.35333333333333333,
    0.30333333333333334,
    0.33
  ],
  "td_error_curve": [
    0.08403092376132958,
    0.08289888467924464,
    0.08227376955664416,
    0.08392694144059497,
    0.0813963671982056,
    0.08228400648251476,
    0.08058132373696228,
    0.0806968966988683,
    0.08006349679581565,
    0.07927245149403825,
    0.07687562170058926,
    0.0781008825051235,
    0.0756461553251228,
    0.07793599647371474,
    0.0753686111110608,
    0.07533459263663951,
    0.07610161975007129,
    0.07323935966156571,
    0.07313936074374443,
    0.07330711300120812,
    0.07240683537778485,
    0.0721607683287417,
    0.07113078972166977,
    0.06816997113780926,
    0.07022055215230774,
    0.06795343341644128,
    0.06866112151934961,
    0.06846975927560475,
    0.06827911521880155,
    0.06852519749542152,
    0.0657644258845255,
    0.06649513279792116,
    0.06638437818814287,
    0.06566882878918012,
    0.0642254337477187,
    0.06392595356878512,
    0.06299601700093065,
    0.060039279264012944,
    0.062510137038256,
    0.061492404070669825,
    0.06066069060263452,
    0.06002641806487984,
    0.05909394324812674,
    0.05984902134584358,
    0.058896261382801386,
    0.05791149614009384,
    0.05810525559537329,
    0.05598509462773749,
    0.0563840674595153,
    0.055389514530586166,
    0.05410429016789385,
    0.054253804175921745,
    0.053291355926251616,
    0.05309711533051106,
    0.05183370574481921,
    0.051881012527709255,
    0.04948975764137369,
    0.05126268581698037,
    0.050909097487405915,
    0.05018738285914153,
    0.04936232276338666,
    0.04674174422693251,
    0.047785351815556765,
    0.04559040337957699,
    0.04644566984627859,
    0.0445669840015284,
    0.04455725372218435,
    0.0458152769015449,
    0.04190528868431654,
    0.04344480184555828,
    0.04135624732336557,
    0.04154265336654223,
    0.04111986127120624,
    0.040897643121334246,
    0.041530298077615435,
    0.04143827368577098,
    0.04126662422421263,
    0.04027233742224687,
    0.040855256538819905,
    0.04086595340059141,
    0.04264493581908522,
    0.04152036459511766,
    0.041415153498681676,
    0.0409431663755257,
    0.04104417442676659,
    0.040207392833293575,
    0.04058778072447555,
    0.04309155916286684,
    0.042186055134807374,
    0.0416045503326723,
    0.04189688448585344,
    0.04224142481054236,
    0.04075445129757261,
    0.04033298221656148,
    0.041167306415939464,
    0.04025798757415951,
    0.041095065944072556,
    0.039879113382241455,
    0.04101376785935481,
    0.041248304734581596
  ],
  "mission_states_curve": [
    0,
    0,
    0,
    0,
    0,
    0,
    0,
    0,
    0,
    0,
    0,
    0,
    0,
    0,
    0,
    0,
    0,
    0,
    0,
    0,
    0,
    0,
    0,
    0,
    0,
    0,
    0,
    0,
    0,
    0,
    0,
    0,
    0,
    0,
    0,
    0,
    0,
    0,
    0,
    0,
    0,
    0,
    0,
    0,
    0,
    0,
    0,
    0,
    0,
    0,
    0,
    0,
    0,
    0,
    0,
    0,
    0,
    0,
    0,
    0,
    0,
    0,
    0,
    0,
    0,
    0,
    0,
    0,
    0,
    0,
    0,
    0,
    0,
    0,
    0,
    0,
    0,
    0,
    0,
    0,
    0,
    0,
    0,
    0,
    0,
    0,
    0,
    0,
    0,
    0,
    0,
    0,
    0,
    0,
    0,
    0,
    0,
    0,
    0,
    0
  ],
  "participant_states_curve": [
    47,
    48,
    48,
    48,
    48,
    48,
    48,
    48,
    48,
    48,
    48,
    48,
    48,
    48,
    48,
    48,
    48,
    48,
    48,
    48,
    48,
    48,
    48,
    48,
    48,
    48,
    48,
    48,
    48,
    48,
    48,
    48,
    48,
    48,
    48,
    48,
    48,
    48,
    48,
    48,
    48,
    48,
    48,
    48,
    48,
    48,
    48,
    48,
    48,
    48,
    48,
    48,
    48,
    48,
    48,
    48,
    48,
    48,
    48,
    48,
    48,
    48,
    48,
    48,
    48,
    48,
    48,
    48,
    48,
    48,
    48,
    48,
    48,
    48,
    48,
    48,
    48,
    48,
    48,
    48,
    48,
    48,
    48,
    48,
    48,
    48,
    48,
    48,
    48,
    48,
    48,
    48,
    48,
    48,
    48,
    48,
    48,
    48,
    48,
    48
  ]
}