{
  "checkpoint_episodes": [
    300,
    600,
    900,
    1200,
    1500,
    1800,
    2100,
    2400,
    2700,
    3000,
    3300,
    3600,
    3900,
    4200,
    4500,
    4800,
    5100,
    5400,
    5700,
    6000,
    6300,
    6600,
    6900,
    7200,
    7500,
    7800,
    8100,
    8400,
    8700,
    9000,
    9300,
    9600,
    9900,
    10200,
    10500,
    10800,
    11100,
    11400,
    11700,
    12000,
    12300,
    12600,
    12900,
    13200,
    13500,
    13800,
    14100,
    14400,
    14700,
    15000,
    15300,
    15600,
    15900,
    16200,
    16500,
    16800,
    17100,
    17400,
    17700,
    18000,
    18300,
    18600,
    18900,
    19200,
    19500,
    19800,
    20100,
    20400,
    20700,
    21000,
    21300,
    21600,
    21900,
    22200,
    22500,
    22800,
    23100,
    23400,
    23700,
    24000,
    24300,
    24600,
    24900,
    25200,
    25500,
    25800,
    26100,
    26400,
    26700,
    27000,
    27300,
    27600,
    27900,
    28200,
    28500,
    28800,
    29100,
    29400,
    29700,
    30000
  ],
  "win_rate_curve": [
    0.2,
    0.23333333333333334,
    0.22333333333333333,
    0.23666666666666666,
    0.23333333333333334,
    0.20666666666666667,
    0.23,
    0.19666666666666666,
    0.22333333333333333,
    0.21666666666666667,
    0.25333333333333335,
    0.22,
    0.22,
    0.18333333333333332,
    0.23,
    0.22666666666666666,
    0.21666666666666667,
    0.23,
    0.2,
    0.25666666666666665,
    0.27,
    0.16666666666666666,
    0.25666666666666665,
    0.26666666666666666,
    0.24666666666666667,
    0.26666666666666666,
    0.25,
    0.24666666666666667,
    0.19666666666666666,
    0.27,
    0.24,
    0.25333333333333335,
    0.2733333333333333,
    0.26,
    0.24666666666666667,
    0.24,
    0.29333333333333333,
    0.2866666666666667,
    0.29,
    0.31666666666666665,
    0.2733333333333333,
    0.25666666666666665,
    0.31,
    0.31333333333333335,
    0.3233333333333333,
    0.2733333333333333,
    0.27666666666666667,
    0.27,
    0.3433333333333333,
    0.30333333333333334,
    0.33666666666666667,
    0.3466666666666667,
    0.24666666666666667,
    0.31,
    0.3466666666666667,
    0.36,
    0.3433333333333333,
    0.30333333333333334,
    0.3433333333333333,
    0.36666666666666664,
    0.3333333333333333,
    0.3566666666666667,
    0.30333333333333334,
    0.32666666666666666,
    0.37,
    0.36666666666666664,
    0.3466666666666667,
    0.37666666666666665,
    0.31666666666666665,
    0.3433333333333333,
    0.36333333333333334,
    0.30666666666666664,
    0.38333333333333336,
    0.36666666666666664,
    0.34,
    0.3333333333333333,
    0.37666666666666665,
    0.36333333333333334,
    0.3233333333333333,
    0.39666666666666667,
    0.41,
    0.32666666666666666,
    0.37,
    0.39666666666666667,
    0.37333333333333335,
    0.31666666666666665,
    0.36333333333333334,
    0.3466666666666667,
    0.31333333333333335,
    0.38333333333333336,
    0.37333333333333335,
    0.32666666666666666,
    0.32666666666666666,
    0.32666666666666666,
    0.31,
    0.36333333333333334,
    0.4066666666666667,
    0.3466666666666667,
    0.37333333333333335,
    0.33666666666666667
  ],
  "td_error_curve": [
    0.09241901059584708,
    0.1020481505273897,
    0.10831816505973377,
    0.10526393876271112,
    0.10374761903566894,
    0.10470609745260435,
    0.1048040429462987,
    0.10037238417148611,
    0.1031027627130766,
    0.10386678804563454,
    0.09948271522498603,
    0.09957193218830025,
    0.10238259756018199,
    0.09726535478045775,
    0.09799383906892829,
    0.09796631730463608,
    0.09979671711421909,
    0.10135802196575608,
    0.09524576366148757,
    0.09481418983672135,
    0.09515799291128246,
    0.09440174545551266,
    0.09311009236453634,
    0.09146890744326815,
    0.09246378792353664,
    0.09244597122033361,
    0.09162672855007975,
    0.09319501814769059,
    0.09343056252314882,
    0.09171124165054594,
    0.08920139808985862,
    0.08866240764179122,
    0.08910233975112758,
    0.08822508992147167,
    0.0891562420516753,
    0.09136931821238234,
    0.08683603909459023,
    0.08923866170996163,
    0.08697379886620656,
    0.08786466431827228,
    0.08472763537960262,
    0.08546432682845029,
    0.08498953562556835,
    0.08577042244122096,
    0.08347953673510611,
    0.08227793510184588,
    0.08394856157540885,
    0.0819408404707807,
    0.08228205096537206,
    0.08177420292174158,
    0.08167423678834529,
    0.08268139975537438,
    0.08151575000296835,
    0.07957147179032091,
    0.08146588313395192,
    0.07843080756070642,
    0.07841038185556966,
    0.07952242342822538,
    0.07824004854371522,
    0.07673809031999515,
    0.07690091146501528,
    0.07620057585675102,
    0.07535724424496243,
    0.07471652328220635,
    0.07595918276485555,
    0.07461258884317194,
    0.07347241790667974,
    0.07416142698518015,
    0.07136417300344292,
    0.07243367340286061,
    0.0698012588616246,
    0.07089939731185492,
    0.07153417371580728,
    0.07177885516577034,
    0.07107024425782896,
    0.07009237001629642,
    0.0700084965231886,
    0.0696356914508028,
    0.07076064788139438,
    0.0693419647455533,
    0.07058241356482031,
    0.07108212714185531,
    0.06945930163131568,
    0.0715220574725378,
    0.07129278981780943,
    0.06790775196625314,
    0.07204863337581878,
    0.07109820850742316,
    0.07108715754061544,
    0.07158359828921293,
    0.06980802819665424,
    0.06871005041461602,
    0.06789069967603611,
    0.06978718197486561,
    0.06949386168203579,
    0.07008023419342019,
    0.07066019184712623,
    0.069024805629595,
    0.070461836326552,
    0.0712960268619691
  ],
  "mission_states_curve": [
    532,
    589,
    612,
    618,
    632,
    638,
    646,
    648,
    650,
    653,
    653,
    653,
    653,
    653,
    654,
    659,
    659,
    662,
    664,
    664,
    665,
    665,
    665,
    667,
    667,
    667,
    669,
    670,
    670,
    670,
    670,
    670,
    671,
    671,
    671,
    671,
    671,
    672,
    672,
    672,
    672,
    672,
    672,
    672,
    673,
    673,
    673,
    673,
    673,
    673,
    673,
    673,
    673,
    673,
    673,
    673,
    673,
    673,
    673,
    673,
    673,
    673,
    674,
    674,
    674,
    674,
    675,
    675,
    675,
    675,
    676,
    676,
    676,
    676,
    676,
    676,
    676,
    676,
    676,
    676,
    676,
    676,
    676,
    676,
    676,
    677,
    677,
    677,
    677,
    677,
    677,
    677,
    677,
    677,
    677,
    677,
    677,
    677,
    677,
    677
  ],
  "participant_states_curve": [
    47,
    48,
    48,
    48,
    48,
    48,
    48,
    48,
    48,
    48,
    48,
    48,
    48,
    48,
    48,
    48,
    48,
    48,
    48,
    48,
    48,
    48,
    48,
    48,
    48,
    48,
    48,
    48,
    48,
    48,
    48,
    48,
    48,
    48,
    48,
    48,
    48,
    48,
    48,
    48,
    48,
    48,
    48,
    48,
    48,
    48,
    48,
    48,
    48,
    48,
    48,
    48,
    48,
    48,
    48,
    48,
    48,
    48,
    48,
    48,
    48,
    48,
    48,
    48,
    48,
    48,
    48,
    48,
    48,
    48,
    48,
    48,
    48,
    48,
    48,
    48,
    48,
    48,
    48,
    48,
    48,
    48,
    48,
    48,
    48,
    48,
    48,
    48,
    48,
    48,
    48,
    48,
    48,
    48,
    48,
    48,
    48,
    48,
    48,
    48
  ]
}