{
  "checkpoint_episodes": [
    300,
    600,
    900,
    1200,
    1500,
    1800,
    2100,
    2400,
    2700,
    3000,
    3300,
    3600,
    3900,
    4200,
    4500,
    4800,
    5100,
    5400,
    5700,
    6000,
    6300,
    6600,
    6900,
    7200,
    7500,
    7800,
    8100,
    8400,
    8700,
    9000,
    9300,
    9600,
    9900,
    10200,
    10500,
    10800,
    11100,
    11400,
    11700,
    12000,
    12300,
    12600,
    12900,
    13200,
    13500,
    13800,
    14100,
    14400,
    14700,
    15000,
    15300,
    15600,
    15900,
    16200,
    16500,
    16800,
    17100,
    17400,
    17700,
    18000,
    18300,
    18600,
    18900,
    19200,
    19500,
    19800,
    20100,
    20400,
    20700,
    21000,
    21300,
    21600,
    21900,
    22200,
    22500,
    22800,
    23100,
    23400,
    23700,
    24000,
    24300,
    24600,
    24900,
    25200,
    25500,
    25800,
    26100,
    26400,
    26700,
    27000,
    27300,
    27600,
    27900,
    28200,
    28500,
    28800,
    29100,
    29400,
    29700,
    30000
  ],
  "win_rate_curve": [
    0.3466666666666667,
    0.31666666666666665,
    0.26666666666666666,
    0.3,
    0.3,
    0.31,
    0.31,
    0.33,
    0.29333333333333333,
    0.31666666666666665,
    0.33666666666666667,
    0.2833333333333333,
    0.2733333333333333,
    0.29333333333333333,
    0.31,
    0.33666666666666667,
    0.22666666666666666,
    0.31333333333333335,
    0.31,
    0.29333333333333333,
    0.33666666666666667,
    0.29333333333333333,
    0.37333333333333335,
    0.37,
    0.2966666666666667,
    0.3466666666666667,
    0.2833333333333333,
    0.27666666666666667,
    0.28,
    0.3333333333333333,
    0.28,
    0.25666666666666665,
    0.31,
    0.30333333333333334,
    0.2733333333333333,
    0.31666666666666665,
    0.30666666666666664,
    0.31666666666666665,
    0.30333333333333334,
    0.31,
    0.33,
    0.32,
    0.33,
    0.30333333333333334,
    0.2733333333333333,
    0.31,
    0.30666666666666664,
    0.29333333333333333,
    0.29333333333333333,
    0.27666666666666667,
    0.3,
    0.29,
    0.34,
    0.29333333333333333,
    0.32,
    0.31333333333333335,
    0.30666666666666664,
    0.29333333333333333,
    0.34,
    0.30666666666666664,
    0.31666666666666665,
    0.31666666666666665,
    0.23333333333333334,
    0.31,
    0.32,
    0.3,
    0.2966666666666667,
    0.33666666666666667,
    0.30666666666666664,
    0.31666666666666665,
    0.29333333333333333,
    0.3,
    0.31666666666666665,
    0.29,
    0.29333333333333333,
    0.31333333333333335,
    0.26666666666666666,
    0.2866666666666667,
    0.29333333333333333,
    0.2733333333333333,
    0.30333333333333334,
    0.29,
    0.27,
    0.2966666666666667,
    0.2866666666666667,
    0.3433333333333333,
    0.26666666666666666,
    0.28,
    0.2733333333333333,
    0.32666666666666666,
    0.35333333333333333,
    0.31666666666666665,
    0.3233333333333333,
    0.3566666666666667,
    0.37333333333333335,
    0.2733333333333333,
    0.2833333333333333,
    0.31,
    0.2966666666666667,
    0.29333333333333333
  ],
  "td_error_curve": [
    0.10848370790619709,
    0.09550069492598254,
    0.09121545815410771,
    0.09212585747895241,
    0.09632696314202502,
    0.09630890049538471,
    0.0923333437106592,
    0.09201033233725475,
    0.0935080159321815,
    0.09095312439893838,
    0.08868726208952223,
    0.09078332487011533,
    0.08974984467075779,
    0.09257217492958665,
    0.0884610851486492,
    0.08850621376468253,
    0.08916506315953217,
    0.09062071652227004,
    0.08722685326782569,
    0.0877039135609965,
    0.08414804450910801,
    0.08514950880327109,
    0.08659578449874723,
    0.08695574627764943,
    0.08448580893882832,
    0.08509642532024099,
    0.0838040017775448,
    0.08398632277525622,
    0.08563560006714183,
    0.08064649868192773,
    0.08223392375721204,
    0.08178918667813824,
    0.08065943935764969,
    0.08159820426942045,
    0.07823168848079307,
    0.07930867399404548,
    0.08153989498156203,
    0.08024363025800721,
    0.08225855051677744,
    0.07825437262214471,
    0.07835003746802753,
    0.07665484742783303,
    0.07791595551103632,
    0.07705369415369999,
    0.07775675455432769,
    0.07900608019992152,
    0.07528160963808164,
    0.07545575317107116,
    0.07406419149538761,
    0.07378881066058751,
    0.07387262776684017,
    0.07371232569836046,
    0.07332766754418533,
    0.07358262843591823,
    0.07070402695409095,
    0.0675986146495606,
    0.06819379461520003,
    0.07014205266226986,
    0.06966431868459495,
    0.06676307421117127,
    0.06628154901576734,
    0.06879950727921091,
    0.06808603702304826,
    0.06302202697932113,
    0.062033817452034734,
    0.06301335922931178,
    0.06255758942373897,
    0.06230836949856826,
    0.05947138536447857,
    0.05889987384968969,
    0.05862438285535125,
    0.05939161960466556,
    0.05926453792200243,
    0.057314811646716854,
    0.05747223257202831,
    0.05939274646113286,
    0.05808417185767277,
    0.05818479646140598,
    0.05825364030442026,
    0.05414680856783958,
    0.0584096544138798,
    0.056852318192377606,
    0.05912657134987858,
    0.05775469489338995,
    0.05689978593600958,
    0.059246023769829854,
    0.05740290762977572,
    0.05853953657957023,
    0.05565073345264474,
    0.05695027018794193,
    0.05713127426710856,
    0.059974041169986725,
    0.0565839980846294,
    0.05767149871388017,
    0.05990239254177799,
    0.0573385107152219,
    0.05668913563175734,
    0.05788425604435607,
    0.058745958267257765,
    0.058831783776107184
  ],
  "mission_states_curve": [
    0,
    0,
    0,
    0,
    0,
    0,
    0,
    0,
    0,
    0,
    0,
    0,
    0,
    0,
    0,
    0,
    0,
    0,
    0,
    0,
    0,
    0,
    0,
    0,
    0,
    0,
    0,
    0,
    0,
    0,
    0,
    0,
    0,
    0,
    0,
    0,
    0,
    0,
    0,
    0,
    0,
    0,
    0,
    0,
    0,
    0,
    0,
    0,
    0,
    0,
    0,
    0,
    0,
    0,
    0,
    0,
    0,
    0,
    0,
    0,
    0,
    0,
    0,
    0,
    0,
    0,
    0,
    0,
    0,
    0,
    0,
    0,
    0,
    0,
    0,
    0,
    0,
    0,
    0,
    0,
    0,
    0,
    0,
    0,
    0,
    0,
    0,
    0,
    0,
    0,
    0,
    0,
    0,
    0,
    0,
    0,
    0,
    0,
    0,
    0
  ],
  "participant_states_curve": [
    47,
    47,
    48,
    48,
    48,
    48,
    48,
    48,
    48,
    48,
    48,
    48,
    48,
    48,
    48,
    48,
    48,
    48,
    48,
    48,
    48,
    48,
    48,
    48,
    48,
    48,
    48,
    48,
    48,
    48,
    48,
    48,
    48,
    48,
    48,
    48,
    48,
    48,
    48,
    48,
    48,
    48,
    48,
    48,
    48,
    48,
    48,
    48,
    48,
    48,
    48,
    48,
    48,
    48,
    48,
    48,
    48,
    48,
    48,
    48,
    48,
    48,
    48,
    48,
    48,
    48,
    48,
    48,
    48,
    48,
    48,
    48,
    48,
    48,
    48,
    48,
    48,
    48,
    48,
    48,
    48,
    48,
    48,
    48,
    48,
    48,
    48,
    48,
    48,
    48,
    48,
    48,
    48,
    48,
    48,
    48,
    48,
    48,
    48,
    48
  ]
}