{
  "checkpoint_episodes": [
    300,
    600,
    900,
    1200,
    1500,
    1800,
    2100,
    2400,
    2700,
    3000,
    3300,
    3600,
    3900,
    4200,
    4500,
    4800,
    5100,
    5400,
    5700,
    6000,
    6300,
    6600,
    6900,
    7200,
    7500,
    7800,
    8100,
    8400,
    8700,
    9000,
    9300,
    9600,
    9900,
    10200,
    10500,
    10800,
    11100,
    11400,
    11700,
    12000,
    12300,
    12600,
    12900,
    13200,
    13500,
    13800,
    14100,
    14400,
    14700,
    15000,
    15300,
    15600,
    15900,
    16200,
    16500,
    16800,
    17100,
    17400,
    17700,
    18000,
    18300,
    18600,
    18900,
    19200,
    19500,
    19800,
    20100,
    20400,
    20700,
    21000,
    21300,
    21600,
    21900,
    22200,
    22500,
    22800,
    23100,
    23400,
    23700,
    24000,
    24300,
    24600,
    24900,
    25200,
    25500,
    25800,
    26100,
    26400,
    26700,
    27000,
    27300,
    27600,
    27900,
    28200,
    28500,
    28800,
    29100,
    29400,
    29700,
    30000
  ],
  "win_rate_curve": [
    0.33666666666666667,
    0.31666666666666665,
    0.29333333333333333,
    0.31,
    0.35,
    0.26666666666666666,
    0.3233333333333333,
    0.31333333333333335,
    0.3333333333333333,
    0.30333333333333334,
    0.3233333333333333,
    0.3566666666666667,
    0.3433333333333333,
    0.35333333333333333,
    0.33,
    0.36333333333333334,
    0.32,
    0.3566666666666667,
    0.37333333333333335,
    0.4,
    0.3433333333333333,
    0.37333333333333335,
    0.42,
    0.3466666666666667,
    0.33666666666666667,
    0.37333333333333335,
    0.36333333333333334,
    0.38,
    0.4033333333333333,
    0.3566666666666667,
    0.3233333333333333,
    0.38,
    0.39666666666666667,
    0.4166666666666667,
    0.36666666666666664,
    0.36333333333333334,
    0.38,
    0.42,
    0.37,
    0.39666666666666667,
    0.39666666666666667,
    0.42333333333333334,
    0.42333333333333334,
    0.4,
    0.42,
    0.4666666666666667,
    0.44333333333333336,
    0.3933333333333333,
    0.4666666666666667,
    0.41,
    0.43333333333333335,
    0.43333333333333335,
    0.45,
    0.4633333333333333,
    0.44333333333333336,
    0.44,
    0.4,
    0.4166666666666667,
    0.45666666666666667,
    0.42333333333333334,
    0.48333333333333334,
    0.5,
    0.45666666666666667,
    0.5666666666666667,
    0.5,
    0.5533333333333333,
    0.49333333333333335,
    0.5433333333333333,
    0.5066666666666667,
    0.49666666666666665,
    0.5633333333333334,
    0.57,
    0.5266666666666666,
    0.5133333333333333,
    0.5233333333333333,
    0.49333333333333335,
    0.5333333333333333,
    0.53,
    0.5333333333333333,
    0.5366666666666666,
    0.48333333333333334,
    0.48333333333333334,
    0.49,
    0.5033333333333333,
    0.5433333333333333,
    0.54,
    0.5866666666666667,
    0.5166666666666667,
    0.5133333333333333,
    0.49333333333333335,
    0.58,
    0.5033333333333333,
    0.49,
    0.55,
    0.53,
    0.5566666666666666,
    0.4866666666666667,
    0.5,
    0.5433333333333333,
    0.48333333333333334
  ],
  "td_error_curve": [
    0.13266449244946174,
    0.16262667939429318,
    0.17014019006168143,
    0.17932669984493557,
    0.18022963163740385,
    0.17420065771331425,
    0.17633661297084668,
    0.17423563293692734,
    0.17379178161648765,
    0.170797820287374,
    0.1695396075972688,
    0.17272011050755098,
    0.17188623616808024,
    0.17492370101717997,
    0.17986437611156345,
    0.17599091504656159,
    0.16733480806486348,
    0.17382876840068176,
    0.1718992026360566,
    0.16880324472182123,
    0.1650748456696858,
    0.16832620481059524,
    0.16101614600747374,
    0.16411237964132833,
    0.1636124568588828,
    0.1648724965666864,
    0.16540779311181353,
    0.16386556955115536,
    0.16420694298364977,
    0.1564325030356178,
    0.1573916974885756,
    0.16062260832425407,
    0.16220208851590473,
    0.16194500614873153,
    0.15378335981392124,
    0.1584225244585634,
    0.15177362481753712,
    0.15179546823126028,
    0.15557527068036853,
    0.1526943024066534,
    0.15452343420533035,
    0.15286525653777838,
    0.15509402293006583,
    0.14820532561600808,
    0.15461109013884813,
    0.15000697116071235,
    0.15041650154391628,
    0.1521556689941787,
    0.1521085949679335,
    0.14950304702616218,
    0.14811310441538036,
    0.14648517679950757,
    0.14621999183733764,
    0.13875528052801941,
    0.14625591393697823,
    0.14324299614888922,
    0.14112612609472963,
    0.1390396381944577,
    0.14399345471780658,
    0.1420658555662293,
    0.13800493004480238,
    0.13823866462747342,
    0.13764770413015806,
    0.13875257608541783,
    0.14152662211353187,
    0.13944973249953552,
    0.1352324735358452,
    0.13729999305246718,
    0.1368784945699332,
    0.1345025466188005,
    0.1351198169192731,
    0.13338472783767055,
    0.13058069538366793,
    0.13613491318931115,
    0.13443785025241803,
    0.13675768188646642,
    0.13406039586073967,
    0.13787809032873777,
    0.1341067903374594,
    0.14060507132822456,
    0.13491819521135012,
    0.13567898494744476,
    0.13835954868807052,
    0.13593629318358869,
    0.13508661001539346,
    0.13467684591915047,
    0.13435180117641538,
    0.13668108143882277,
    0.13307189827386195,
    0.13650030865952334,
    0.13627266835067542,
    0.13574909596060117,
    0.14121526609442975,
    0.13288818129012112,
    0.13889600243712946,
    0.13737769258817809,
    0.13665365907699764,
    0.13548173381704867,
    0.13648845085712555,
    0.13535491237750705
  ],
  "mission_states_curve": [
    646,
    727,
    771,
    793,
    807,
    813,
    819,
    822,
    827,
    831,
    834,
    837,
    838,
    840,
    844,
    845,
    849,
    850,
    850,
    850,
    851,
    852,
    853,
    853,
    853,
    855,
    856,
    856,
    856,
    856,
    857,
    857,
    861,
    862,
    862,
    863,
    864,
    865,
    865,
    865,
    865,
    865,
    865,
    865,
    865,
    865,
    865,
    867,
    867,
    868,
    868,
    868,
    868,
    868,
    868,
    868,
    868,
    868,
    868,
    868,
    868,
    868,
    868,
    868,
    868,
    868,
    868,
    868,
    868,
    868,
    868,
    868,
    868,
    868,
    868,
    868,
    868,
    868,
    868,
    868,
    869,
    869,
    869,
    869,
    869,
    869,
    869,
    869,
    869,
    869,
    869,
    869,
    869,
    869,
    869,
    869,
    869,
    869,
    869,
    869
  ],
  "participant_states_curve": [
    0,
    0,
    0,
    0,
    0,
    0,
    0,
    0,
    0,
    0,
    0,
    0,
    0,
    0,
    0,
    0,
    0,
    0,
    0,
    0,
    0,
    0,
    0,
    0,
    0,
    0,
    0,
    0,
    0,
    0,
    0,
    0,
    0,
    0,
    0,
    0,
    0,
    0,
    0,
    0,
    0,
    0,
    0,
    0,
    0,
    0,
    0,
    0,
    0,
    0,
    0,
    0,
    0,
    0,
    0,
    0,
    0,
    0,
    0,
    0,
    0,
    0,
    0,
    0,
    0,
    0,
    0,
    0,
    0,
    0,
    0,
    0,
    0,
    0,
    0,
    0,
    0,
    0,
    0,
    0,
    0,
    0,
    0,
    0,
    0,
    0,
    0,
    0,
    0,
    0,
    0,
    0,
    0,
    0,
    0,
    0,
    0,
    0,
    0,
    0
  ]
}