{
  "checkpoint_episodes": [
    300,
    600,
    900,
    1200,
    1500,
    1800,
    2100,
    2400,
    2700,
    3000,
    3300,
    3600,
    3900,
    4200,
    4500,
    4800,
    5100,
    5400,
    5700,
    6000,
    6300,
    6600,
    6900,
    7200,
    7500,
    7800,
    8100,
    8400,
    8700,
    9000,
    9300,
    9600,
    9900,
    10200,
    10500,
    10800,
    11100,
    11400,
    11700,
    12000,
    12300,
    12600,
    12900,
    13200,
    13500,
    13800,
    14100,
    14400,
    14700,
    15000,
    15300,
    15600,
    15900,
    16200,
    16500,
    16800,
    17100,
    17400,
    17700,
    18000,
    18300,
    18600,
    18900,
    19200,
    19500,
    19800,
    20100,
    20400,
    20700,
    21000,
    21300,
    21600,
    21900,
    22200,
    22500,
    22800,
    23100,
    23400,
    23700,
    24000,
    24300,
    24600,
    24900,
    25200,
    25500,
    25800,
    26100,
    26400,
    26700,
    27000,
    27300,
    27600,
    27900,
    28200,
    28500,
    28800,
    29100,
    29400,
    29700,
    30000
  ],
  "win_rate_curve": [
    0.21,
    0.15,
    0.21,
    0.24,
    0.22,
    0.18333333333333332,
    0.20333333333333334,
    0.21,
    0.2,
    0.21666666666666667,
    0.22333333333333333,
    0.16666666666666666,
    0.23,
    0.20666666666666667,
    0.23666666666666666,
    0.21333333333333335,
    0.19333333333333333,
    0.19,
    0.23,
    0.25333333333333335,
    0.26,
    0.23,
    0.24666666666666667,
    0.24,
    0.23333333333333334,
    0.20666666666666667,
    0.2733333333333333,
    0.22,
    0.25666666666666665,
    0.21333333333333335,
    0.24666666666666667,
    0.25,
    0.29,
    0.28,
    0.22,
    0.27,
    0.27,
    0.2833333333333333,
    0.27,
    0.2833333333333333,
    0.25666666666666665,
    0.21666666666666667,
    0.2633333333333333,
    0.27,
    0.28,
    0.25333333333333335,
    0.3,
    0.26,
    0.30333333333333334,
    0.27,
    0.2833333333333333,
    0.32,
    0.3233333333333333,
    0.2966666666666667,
    0.2733333333333333,
    0.25,
    0.29333333333333333,
    0.33666666666666667,
    0.32,
    0.32,
    0.2733333333333333,
    0.2866666666666667,
    0.30333333333333334,
    0.33,
    0.3333333333333333,
    0.33666666666666667,
    0.35,
    0.33666666666666667,
    0.3433333333333333,
    0.36,
    0.35333333333333333,
    0.3433333333333333,
    0.31,
    0.31,
    0.37666666666666665,
    0.32666666666666666,
    0.30333333333333334,
    0.33666666666666667,
    0.3466666666666667,
    0.30333333333333334,
    0.3466666666666667,
    0.36,
    0.31666666666666665,
    0.31,
    0.3466666666666667,
    0.38333333333333336,
    0.3333333333333333,
    0.3466666666666667,
    0.36,
    0.3333333333333333,
    0.39,
    0.32,
    0.3333333333333333,
    0.38,
    0.37,
    0.31666666666666665,
    0.3466666666666667,
    0.31666666666666665,
    0.30666666666666664,
    0.33
  ],
  "td_error_curve": [
    0.10813946159994159,
    0.1187785943205947,
    0.11915943606989125,
    0.121243109700205,
    0.12719218394983423,
    0.12735713097754126,
    0.12200549540522568,
    0.11808886370605126,
    0.12230244850400841,
    0.11857993290299147,
    0.1175139346935951,
    0.11769793209113356,
    0.11687731284894047,
    0.11198136229643703,
    0.11366054059038418,
    0.11330450076434148,
    0.11481059169583539,
    0.1087433625694418,
    0.11286301830254393,
    0.11219943096615141,
    0.11611151295589724,
    0.112508823317394,
    0.11253225386282496,
    0.10955483438961652,
    0.11035824467529107,
    0.10849332564507334,
    0.10682884762661793,
    0.10719257902536153,
    0.10865711019270774,
    0.10608407324660568,
    0.10770175834204776,
    0.10851056842083229,
    0.10736917457850234,
    0.10762941450435776,
    0.10535824981354788,
    0.10489296920786724,
    0.10613797912768856,
    0.1027620376718582,
    0.10684755317067143,
    0.10367147774811847,
    0.10290792293282992,
    0.10014080233698297,
    0.1004548614557603,
    0.09879032075771865,
    0.09734513763785213,
    0.0984624979834349,
    0.09842205538894112,
    0.09648287345124465,
    0.09618317679187971,
    0.09640090799998557,
    0.09307052548642883,
    0.09516439111950428,
    0.09849175466344752,
    0.09827363079737518,
    0.09452884977835617,
    0.09082303990520833,
    0.0940252236118787,
    0.09259922938512304,
    0.09313711022652373,
    0.09137815299932811,
    0.0896278601613732,
    0.08845532983045086,
    0.09018283112936094,
    0.08884843445079561,
    0.08858282105803127,
    0.08899094181856089,
    0.08900251190149283,
    0.08614344760744945,
    0.08546580739102748,
    0.08639116288749955,
    0.08585547813777525,
    0.08658034099013968,
    0.0837501898661435,
    0.08402097146486719,
    0.08633632732875636,
    0.08448751975335667,
    0.0836366845388212,
    0.0812611857954761,
    0.08539381879166535,
    0.08178045787838982,
    0.0852606250170665,
    0.08117926759724743,
    0.08305378959684612,
    0.083579453158884,
    0.08344883197221976,
    0.08557993915841872,
    0.08325698799296673,
    0.08366625805307444,
    0.08333920189113217,
    0.08452838967550876,
    0.08618532319349188,
    0.08313714067883092,
    0.0848222088158847,
    0.08479412693279875,
    0.08516378273748647,
    0.08332588653751251,
    0.08310176018333612,
    0.08370349064456488,
    0.08489363519017958,
    0.08574116683339869
  ],
  "mission_states_curve": [
    389,
    425,
    439,
    448,
    453,
    464,
    466,
    468,
    468,
    468,
    471,
    472,
    473,
    473,
    473,
    473,
    473,
    474,
    475,
    476,
    477,
    477,
    477,
    477,
    477,
    477,
    477,
    477,
    478,
    478,
    478,
    478,
    478,
    478,
    478,
    478,
    478,
    478,
    478,
    479,
    479,
    479,
    479,
    479,
    479,
    479,
    479,
    479,
    479,
    479,
    479,
    479,
    479,
    480,
    480,
    480,
    480,
    480,
    480,
    480,
    480,
    480,
    480,
    480,
    480,
    480,
    480,
    480,
    480,
    480,
    480,
    480,
    480,
    480,
    480,
    480,
    480,
    480,
    480,
    480,
    480,
    480,
    480,
    480,
    480,
    480,
    480,
    480,
    480,
    480,
    480,
    480,
    480,
    480,
    480,
    480,
    480,
    480,
    480,
    481
  ],
  "participant_states_curve": [
    48,
    48,
    48,
    48,
    48,
    48,
    48,
    48,
    48,
    48,
    48,
    48,
    48,
    48,
    48,
    48,
    48,
    48,
    48,
    48,
    48,
    48,
    48,
    48,
    48,
    48,
    48,
    48,
    48,
    48,
    48,
    48,
    48,
    48,
    48,
    48,
    48,
    48,
    48,
    48,
    48,
    48,
    48,
    48,
    48,
    48,
    48,
    48,
    48,
    48,
    48,
    48,
    48,
    48,
    48,
    48,
    48,
    48,
    48,
    48,
    48,
    48,
    48,
    48,
    48,
    48,
    48,
    48,
    48,
    48,
    48,
    48,
    48,
    48,
    48,
    48,
    48,
    48,
    48,
    48,
    48,
    48,
    48,
    48,
    48,
    48,
    48,
    48,
    48,
    48,
    48,
    48,
    48,
    48,
    48,
    48,
    48,
    48,
    48,
    48
  ]
}