{
  "checkpoint_episodes": [
    300,
    600,
    900,
    1200,
    1500,
    1800,
    2100,
    2400,
    2700,
    3000,
    3300,
    3600,
    3900,
    4200,
    4500,
    4800,
    5100,
    5400,
    5700,
    6000,
    6300,
    6600,
    6900,
    7200,
    7500,
    7800,
    8100,
    8400,
    8700,
    9000,
    9300,
    9600,
    9900,
    10200,
    10500,
    10800,
    11100,
    11400,
    11700,
    12000,
    12300,
    12600,
    12900,
    13200,
    13500,
    13800,
    14100,
    14400,
    14700,
    15000,
    15300,
    15600,
    15900,
    16200,
    16500,
    16800,
    17100,
    17400,
    17700,
    18000,
    18300,
    18600,
    18900,
    19200,
    19500,
    19800,
    20100,
    20400,
    20700,
    21000,
    21300,
    21600,
    21900,
    22200,
    22500,
    22800,
    23100,
    23400,
    23700,
    24000,
    24300,
    24600,
    24900,
    25200,
    25500,
    25800,
    26100,
    26400,
    26700,
    27000,
    27300,
    27600,
    27900,
    28200,
    28500,
    28800,
    29100,
    29400,
    29700,
    30000
  ],
  "win_rate_curve": [
    0.3433333333333333,
    0.2966666666666667,
    0.26666666666666666,
    0.3333333333333333,
    0.32666666666666666,
    0.29,
    0.32666666666666666,
    0.31,
    0.30666666666666664,
    0.2966666666666667,
    0.3333333333333333,
    0.27,
    0.25,
    0.29333333333333333,
    0.32666666666666666,
    0.33666666666666667,
    0.25333333333333335,
    0.2966666666666667,
    0.29333333333333333,
    0.3333333333333333,
    0.3333333333333333,
    0.28,
    0.31,
    0.32666666666666666,
    0.2633333333333333,
    0.31333333333333335,
    0.32,
    0.29,
    0.3566666666666667,
    0.33666666666666667,
    0.27666666666666667,
    0.23,
    0.27666666666666667,
    0.3433333333333333,
    0.29333333333333333,
    0.32,
    0.35333333333333333,
    0.30333333333333334,
    0.27,
    0.31666666666666665,
    0.30666666666666664,
    0.29,
    0.30333333333333334,
    0.2966666666666667,
    0.32666666666666666,
    0.30666666666666664,
    0.3,
    0.2733333333333333,
    0.2833333333333333,
    0.30666666666666664,
    0.2733333333333333,
    0.2966666666666667,
    0.34,
    0.29333333333333333,
    0.29,
    0.31,
    0.29333333333333333,
    0.2633333333333333,
    0.36,
    0.31666666666666665,
    0.34,
    0.27666666666666667,
    0.30333333333333334,
    0.29333333333333333,
    0.2966666666666667,
    0.2633333333333333,
    0.32,
    0.33666666666666667,
    0.28,
    0.35333333333333333,
    0.30666666666666664,
    0.35333333333333333,
    0.2833333333333333,
    0.31666666666666665,
    0.27,
    0.33,
    0.3233333333333333,
    0.32,
    0.33,
    0.27,
    0.35,
    0.31333333333333335,
    0.24,
    0.32666666666666666,
    0.31666666666666665,
    0.34,
    0.3233333333333333,
    0.29333333333333333,
    0.2866666666666667,
    0.32666666666666666,
    0.36666666666666664,
    0.31666666666666665,
    0.3,
    0.3233333333333333,
    0.3333333333333333,
    0.3,
    0.2833333333333333,
    0.30333333333333334,
    0.30333333333333334,
    0.32
  ],
  "td_error_curve": [
    0.11357338940368421,
    0.10864287269433238,
    0.1064580283359848,
    0.10992311061468012,
    0.1095161704909777,
    0.10678869972164412,
    0.10644894486818414,
    0.10479819113788819,
    0.10382001688799487,
    0.1032839367849456,
    0.10617940859049886,
    0.09903421194225517,
    0.09837013079144342,
    0.10165207244264411,
    0.10247360836903778,
    0.10218014760685003,
    0.09698373682618898,
    0.09525557370783884,
    0.09515594487980764,
    0.09920384304682091,
    0.09495167108313769,
    0.09345536874579422,
    0.09359296635094422,
    0.09327509706600981,
    0.09092897470894776,
    0.09162803940487077,
    0.09067568536354928,
    0.0902499676074233,
    0.09216794634391177,
    0.09191016546666035,
    0.0875180117158906,
    0.08507309132275362,
    0.08519523856156543,
    0.08608747534288992,
    0.08554890736754772,
    0.08587217632886084,
    0.0843900627840778,
    0.08184342328572582,
    0.0808753075212553,
    0.08192090462509936,
    0.08204009955943585,
    0.07957504644710447,
    0.0802496478524577,
    0.07636983396259253,
    0.07773206628137887,
    0.07953907612787169,
    0.07393276694814573,
    0.07629954468981034,
    0.07280117342158401,
    0.0749051505891997,
    0.07144110220710102,
    0.07237600910915855,
    0.07144391989885161,
    0.07324703927468378,
    0.07073478574852586,
    0.0696880466081521,
    0.0691107279798907,
    0.0672845906066986,
    0.07077926373122188,
    0.06794489161644432,
    0.06886673348118097,
    0.06489385623507715,
    0.06528097871146266,
    0.062033343913138285,
    0.062316488028940686,
    0.061362467104915316,
    0.05976682342942412,
    0.06277581749143532,
    0.05664374453834159,
    0.05734733417805015,
    0.056176352302234875,
    0.057814549202294126,
    0.05554936148130978,
    0.05574044182227212,
    0.05341394706336157,
    0.05699735477510292,
    0.05713615147315074,
    0.05655952457387258,
    0.057958287554571046,
    0.054839870424593117,
    0.057312291739043245,
    0.05701863745009059,
    0.05570629785928586,
    0.05677146614099908,
    0.05675473494308836,
    0.05653698944042213,
    0.05682827523452276,
    0.055980698033213844,
    0.05429979858745922,
    0.05692564834192266,
    0.05544300883448504,
    0.05620639180598379,
    0.054835399038295776,
    0.05705968556646992,
    0.05674410333136874,
    0.0569490835128418,
    0.0571307752218229,
    0.05598382004186249,
    0.05614862365836554,
    0.0561741766664714
  ],
  "mission_states_curve": [
    0,
    0,
    0,
    0,
    0,
    0,
    0,
    0,
    0,
    0,
    0,
    0,
    0,
    0,
    0,
    0,
    0,
    0,
    0,
    0,
    0,
    0,
    0,
    0,
    0,
    0,
    0,
    0,
    0,
    0,
    0,
    0,
    0,
    0,
    0,
    0,
    0,
    0,
    0,
    0,
    0,
    0,
    0,
    0,
    0,
    0,
    0,
    0,
    0,
    0,
    0,
    0,
    0,
    0,
    0,
    0,
    0,
    0,
    0,
    0,
    0,
    0,
    0,
    0,
    0,
    0,
    0,
    0,
    0,
    0,
    0,
    0,
    0,
    0,
    0,
    0,
    0,
    0,
    0,
    0,
    0,
    0,
    0,
    0,
    0,
    0,
    0,
    0,
    0,
    0,
    0,
    0,
    0,
    0,
    0,
    0,
    0,
    0,
    0,
    0
  ],
  "participant_states_curve": [
    48,
    48,
    48,
    48,
    48,
    48,
    48,
    48,
    48,
    48,
    48,
    48,
    48,
    48,
    48,
    48,
    48,
    48,
    48,
    48,
    48,
    48,
    48,
    48,
    48,
    48,
    48,
    48,
    48,
    48,
    48,
    48,
    48,
    48,
    48,
    48,
    48,
    48,
    48,
    48,
    48,
    48,
    48,
    48,
    48,
    48,
    48,
    48,
    48,
    48,
    48,
    48,
    48,
    48,
    48,
    48,
    48,
    48,
    48,
    48,
    48,
    48,
    48,
    48,
    48,
    48,
    48,
    48,
    48,
    48,
    48,
    48,
    48,
    48,
    48,
    48,
    48,
    48,
    48,
    48,
    48,
    48,
    48,
    48,
    48,
    48,
    48,
    48,
    48,
    48,
    48,
    48,
    48,
    48,
    48,
    48,
    48,
    48,
    48,
    48
  ]
}