{
  "checkpoint_episodes": [
    300,
    600,
    900,
    1200,
    1500,
    1800,
    2100,
    2400,
    2700,
    3000,
    3300,
    3600,
    3900,
    4200,
    4500,
    4800,
    5100,
    5400,
    5700,
    6000,
    6300,
    6600,
    6900,
    7200,
    7500,
    7800,
    8100,
    8400,
    8700,
    9000,
    9300,
    9600,
    9900,
    10200,
    10500,
    10800,
    11100,
    11400,
    11700,
    12000,
    12300,
    12600,
    12900,
    13200,
    13500,
    13800,
    14100,
    14400,
    14700,
    15000,
    15300,
    15600,
    15900,
    16200,
    16500,
    16800,
    17100,
    17400,
    17700,
    18000,
    18300,
    18600,
    18900,
    19200,
    19500,
    19800,
    20100,
    20400,
    20700,
    21000,
    21300,
    21600,
    21900,
    22200,
    22500,
    22800,
    23100,
    23400,
    23700,
    24000,
    24300,
    24600,
    24900,
    25200,
    25500,
    25800,
    26100,
    26400,
    26700,
    27000,
    27300,
    27600,
    27900,
    28200,
    28500,
    28800,
    29100,
    29400,
    29700,
    30000
  ],
  "win_rate_curve": [
    0.25333333333333335,
    0.28,
    0.26,
    0.24666666666666667,
    0.27666666666666667,
    0.21666666666666667,
    0.24666666666666667,
    0.28,
    0.3,
    0.27,
    0.26666666666666666,
    0.3333333333333333,
    0.3,
    0.30333333333333334,
    0.31333333333333335,
    0.27,
    0.31666666666666665,
    0.29,
    0.27,
    0.33666666666666667,
    0.32,
    0.30666666666666664,
    0.31333333333333335,
    0.3333333333333333,
    0.28,
    0.30666666666666664,
    0.31666666666666665,
    0.33666666666666667,
    0.2966666666666667,
    0.35333333333333333,
    0.31,
    0.31333333333333335,
    0.30666666666666664,
    0.30333333333333334,
    0.3566666666666667,
    0.33666666666666667,
    0.3333333333333333,
    0.38666666666666666,
    0.37666666666666665,
    0.36,
    0.36,
    0.34,
    0.3333333333333333,
    0.38,
    0.35,
    0.38666666666666666,
    0.36333333333333334,
    0.3933333333333333,
    0.38666666666666666,
    0.35,
    0.38666666666666666,
    0.37333333333333335,
    0.38,
    0.37333333333333335,
    0.36,
    0.38666666666666666,
    0.36666666666666664,
    0.37,
    0.41333333333333333,
    0.39666666666666667,
    0.42,
    0.41333333333333333,
    0.43666666666666665,
    0.42333333333333334,
    0.46,
    0.3933333333333333,
    0.4533333333333333,
    0.43666666666666665,
    0.4266666666666667,
    0.46,
    0.43,
    0.41,
    0.44,
    0.41,
    0.4066666666666667,
    0.43,
    0.49333333333333335,
    0.4533333333333333,
    0.41,
    0.5066666666666667,
    0.44333333333333336,
    0.41333333333333333,
    0.41333333333333333,
    0.46,
    0.4266666666666667,
    0.44666666666666666,
    0.44,
    0.47,
    0.4666666666666667,
    0.4633333333333333,
    0.46,
    0.4766666666666667,
    0.4266666666666667,
    0.4666666666666667,
    0.4,
    0.4633333333333333,
    0.4533333333333333,
    0.4,
    0.43,
    0.43666666666666665
  ],
  "td_error_curve": [
    0.09246281358377002,
    0.1012297505831229,
    0.10101300126922079,
    0.1012799840758904,
    0.09964207651893896,
    0.09858979658324814,
    0.09613811163199337,
    0.09870354480233698,
    0.09811176201689578,
    0.09944145699262298,
    0.09441768074534305,
    0.09820305105672879,
    0.09598533461055246,
    0.09742750155146207,
    0.0927335743214837,
    0.093487272536188,
    0.094189994177121,
    0.09546193179575761,
    0.09277970335343275,
    0.09119683520588012,
    0.0916444372530053,
    0.0903449087256639,
    0.09046693343776979,
    0.08927610851770429,
    0.0886476302589137,
    0.08759290299628131,
    0.08713225652295974,
    0.08912590164166768,
    0.0876286525115796,
    0.087099404414059,
    0.0849430214551569,
    0.08470172108466428,
    0.08440175242678488,
    0.08354406233689948,
    0.08270787610000319,
    0.0833821638242408,
    0.08157533472327075,
    0.08244674608824443,
    0.0837989532129124,
    0.08258686461611234,
    0.08211266975745425,
    0.08033526362727447,
    0.0796137012756471,
    0.07910208319128258,
    0.07966934744726101,
    0.07984290302773007,
    0.07937099958938887,
    0.08073066608997628,
    0.0782416439343228,
    0.07764682241799095,
    0.07721912095112422,
    0.075586566941784,
    0.07546505231933831,
    0.07390928913468528,
    0.07485070123375005,
    0.07314000140224358,
    0.07199539357614529,
    0.07146935984642525,
    0.07153218774910645,
    0.07042475162368993,
    0.07041093405884148,
    0.06993665978317312,
    0.06931095320297498,
    0.06894868473611025,
    0.06782335249653282,
    0.06611579752164878,
    0.06829504217026743,
    0.06547398151204581,
    0.06568528869264299,
    0.06479267450401861,
    0.0643891000013823,
    0.06191373824277815,
    0.06457474091591374,
    0.06448443176576882,
    0.06479300592192773,
    0.06477702324205784,
    0.06430286937565743,
    0.06544814004151397,
    0.06512848428353181,
    0.06583621382961208,
    0.0649323302239896,
    0.06373997205266213,
    0.0642538129495161,
    0.06465093377817543,
    0.06390773680805718,
    0.06474426481230237,
    0.0651082830923566,
    0.06572154535790012,
    0.06535320240720957,
    0.06423466731741691,
    0.06603259771549021,
    0.06537652285331239,
    0.06444192288701726,
    0.06298034583766363,
    0.06392416396912622,
    0.06417124247854494,
    0.0640989927475349,
    0.06502457918930742,
    0.06508963939555214,
    0.06409823825514636
  ],
  "mission_states_curve": [
    632,
    727,
    755,
    781,
    797,
    805,
    819,
    823,
    824,
    828,
    830,
    831,
    834,
    835,
    839,
    841,
    841,
    844,
    845,
    847,
    849,
    850,
    851,
    852,
    853,
    854,
    854,
    854,
    854,
    854,
    854,
    854,
    855,
    855,
    856,
    856,
    856,
    857,
    857,
    858,
    858,
    859,
    859,
    860,
    860,
    860,
    861,
    861,
    862,
    862,
    863,
    863,
    863,
    863,
    863,
    863,
    863,
    863,
    863,
    863,
    863,
    863,
    863,
    863,
    864,
    865,
    865,
    865,
    865,
    866,
    866,
    866,
    866,
    866,
    866,
    866,
    867,
    867,
    867,
    867,
    867,
    867,
    867,
    867,
    867,
    867,
    867,
    867,
    868,
    868,
    868,
    868,
    868,
    869,
    871,
    871,
    871,
    871,
    871,
    871
  ],
  "participant_states_curve": [
    48,
    48,
    48,
    48,
    48,
    48,
    48,
    48,
    48,
    48,
    48,
    48,
    48,
    48,
    48,
    48,
    48,
    48,
    48,
    48,
    48,
    48,
    48,
    48,
    48,
    48,
    48,
    48,
    48,
    48,
    48,
    48,
    48,
    48,
    48,
    48,
    48,
    48,
    48,
    48,
    48,
    48,
    48,
    48,
    48,
    48,
    48,
    48,
    48,
    48,
    48,
    48,
    48,
    48,
    48,
    48,
    48,
    48,
    48,
    48,
    48,
    48,
    48,
    48,
    48,
    48,
    48,
    48,
    48,
    48,
    48,
    48,
    48,
    48,
    48,
    48,
    48,
    48,
    48,
    48,
    48,
    48,
    48,
    48,
    48,
    48,
    48,
    48,
    48,
    48,
    48,
    48,
    48,
    48,
    48,
    48,
    48,
    48,
    48,
    48
  ]
}