{
  "checkpoint_episodes": [
    300,
    600,
    900,
    1200,
    1500,
    1800,
    2100,
    2400,
    2700,
    3000,
    3300,
    3600,
    3900,
    4200,
    4500,
    4800,
    5100,
    5400,
    5700,
    6000,
    6300,
    6600,
    6900,
    7200,
    7500,
    7800,
    8100,
    8400,
    8700,
    9000,
    9300,
    9600,
    9900,
    10200,
    10500,
    10800,
    11100,
    11400,
    11700,
    12000,
    12300,
    12600,
    12900,
    13200,
    13500,
    13800,
    14100,
    14400,
    14700,
    15000,
    15300,
    15600,
    15900,
    16200,
    16500,
    16800,
    17100,
    17400,
    17700,
    18000,
    18300,
    18600,
    18900,
    19200,
    19500,
    19800,
    20100,
    20400,
    20700,
    21000,
    21300,
    21600,
    21900,
    22200,
    22500,
    22800,
    23100,
    23400,
    23700,
    24000,
    24300,
    24600,
    24900,
    25200,
    25500,
    25800,
    26100,
    26400,
    26700,
    27000,
    27300,
    27600,
    27900,
    28200,
    28500,
    28800,
    29100,
    29400,
    29700,
    30000
  ],
  "win_rate_curve": [
    0.24,
    0.20666666666666667,
    0.24,
    0.25,
    0.17,
    0.21666666666666667,
    0.23,
    0.19,
    0.17666666666666667,
    0.22333333333333333,
    0.20666666666666667,
    0.26666666666666666,
    0.18,
    0.20333333333333334,
    0.2,
    0.27666666666666667,
    0.24666666666666667,
    0.27,
    0.22,
    0.24333333333333335,
    0.25,
    0.21333333333333335,
    0.24666666666666667,
    0.2866666666666667,
    0.24666666666666667,
    0.2633333333333333,
    0.25666666666666665,
    0.21666666666666667,
    0.23,
    0.27666666666666667,
    0.27666666666666667,
    0.24,
    0.22,
    0.2833333333333333,
    0.2866666666666667,
    0.2966666666666667,
    0.30333333333333334,
    0.31666666666666665,
    0.27,
    0.29333333333333333,
    0.31,
    0.27,
    0.25333333333333335,
    0.32,
    0.31333333333333335,
    0.2833333333333333,
    0.29,
    0.29,
    0.3233333333333333,
    0.2966666666666667,
    0.3,
    0.2866666666666667,
    0.23333333333333334,
    0.31,
    0.30333333333333334,
    0.33666666666666667,
    0.31666666666666665,
    0.38,
    0.26666666666666666,
    0.35333333333333333,
    0.3566666666666667,
    0.3233333333333333,
    0.31,
    0.3933333333333333,
    0.37666666666666665,
    0.3233333333333333,
    0.3233333333333333,
    0.37,
    0.37666666666666665,
    0.41,
    0.41333333333333333,
    0.37666666666666665,
    0.36666666666666664,
    0.41,
    0.4033333333333333,
    0.3466666666666667,
    0.34,
    0.37666666666666665,
    0.37333333333333335,
    0.41333333333333333,
    0.42,
    0.37333333333333335,
    0.4033333333333333,
    0.42333333333333334,
    0.36666666666666664,
    0.35333333333333333,
    0.37666666666666665,
    0.3933333333333333,
    0.38666666666666666,
    0.42,
    0.37666666666666665,
    0.44333333333333336,
    0.3333333333333333,
    0.47333333333333333,
    0.37,
    0.39,
    0.35333333333333333,
    0.37666666666666665,
    0.42333333333333334,
    0.37666666666666665
  ],
  "td_error_curve": [
    0.1000576732094453,
    0.10396988246953713,
    0.10666335671132296,
    0.1073721451811529,
    0.10195136562842355,
    0.1041939865019089,
    0.1029347542897928,
    0.10064493265614999,
    0.09961326548342843,
    0.1023386959400698,
    0.09915863556588704,
    0.1025851255906061,
    0.09616526564779349,
    0.09636378901301548,
    0.096889615411025,
    0.10036751701656284,
    0.09675376493167996,
    0.1007441782376539,
    0.0962716897062961,
    0.09636563035607087,
    0.09603342667854088,
    0.09199270983878427,
    0.09343662474208389,
    0.09425960300092749,
    0.09338449851497593,
    0.09269677783495972,
    0.0919962896111048,
    0.08990975118801468,
    0.09155133193490426,
    0.09154744493939657,
    0.09279747019950485,
    0.08904003774456085,
    0.08691189836061483,
    0.08973874697864476,
    0.09038973637361158,
    0.08988516727528982,
    0.08865674817509385,
    0.08996398273901954,
    0.08865762287956919,
    0.08622384467854419,
    0.08774495104766537,
    0.08623438442073927,
    0.08362144000276299,
    0.08305769324764278,
    0.08542301026504119,
    0.08366580823762437,
    0.08360974510379764,
    0.08192879740859478,
    0.08326843888798814,
    0.08054874192516619,
    0.08191317626813108,
    0.08000422667365444,
    0.0778086452391804,
    0.07957930713724341,
    0.07943842224148871,
    0.07865370295393379,
    0.07756341526120615,
    0.07821450847617073,
    0.0761356779974947,
    0.07864462723807115,
    0.07759025437974053,
    0.07548971037588477,
    0.07592417270009857,
    0.07597342895477999,
    0.07465513906381675,
    0.0748772101437334,
    0.07292726263704523,
    0.07461168424955499,
    0.07220207868547086,
    0.07251173436040904,
    0.07086386328023248,
    0.0697146415611133,
    0.07059609802947994,
    0.07166568908307958,
    0.06917198658634008,
    0.06976229610700496,
    0.07055977168897501,
    0.07110972528239234,
    0.07069012733262772,
    0.07323310977249414,
    0.07154118544159518,
    0.07260696429831295,
    0.07001303203587987,
    0.07166832004364207,
    0.07123917708623365,
    0.06873551756137668,
    0.07161481949564868,
    0.07243526297495387,
    0.07175669679329827,
    0.07187397011479545,
    0.07094308820763348,
    0.07034999819081081,
    0.06971035902843782,
    0.07263221217084011,
    0.07187683362844134,
    0.07241065672174263,
    0.07109478368863834,
    0.07064887468049545,
    0.07171508163523786,
    0.07105647793071487
  ],
  "mission_states_curve": [
    532,
    586,
    606,
    620,
    624,
    629,
    637,
    641,
    645,
    649,
    650,
    651,
    656,
    658,
    658,
    659,
    660,
    663,
    665,
    665,
    667,
    667,
    667,
    668,
    669,
    669,
    670,
    671,
    672,
    672,
    672,
    672,
    672,
    675,
    675,
    675,
    675,
    675,
    675,
    676,
    676,
    677,
    677,
    677,
    677,
    677,
    677,
    677,
    677,
    677,
    677,
    678,
    678,
    678,
    678,
    678,
    678,
    678,
    678,
    678,
    678,
    678,
    678,
    678,
    678,
    678,
    678,
    678,
    678,
    679,
    679,
    679,
    679,
    679,
    679,
    679,
    679,
    679,
    679,
    679,
    679,
    679,
    679,
    679,
    679,
    680,
    680,
    680,
    680,
    680,
    680,
    680,
    680,
    680,
    680,
    680,
    680,
    680,
    680,
    680
  ],
  "participant_states_curve": [
    47,
    48,
    48,
    48,
    48,
    48,
    48,
    48,
    48,
    48,
    48,
    48,
    48,
    48,
    48,
    48,
    48,
    48,
    48,
    48,
    48,
    48,
    48,
    48,
    48,
    48,
    48,
    48,
    48,
    48,
    48,
    48,
    48,
    48,
    48,
    48,
    48,
    48,
    48,
    48,
    48,
    48,
    48,
    48,
    48,
    48,
    48,
    48,
    48,
    48,
    48,
    48,
    48,
    48,
    48,
    48,
    48,
    48,
    48,
    48,
    48,
    48,
    48,
    48,
    48,
    48,
    48,
    48,
    48,
    48,
    48,
    48,
    48,
    48,
    48,
    48,
    48,
    48,
    48,
    48,
    48,
    48,
    48,
    48,
    48,
    48,
    48,
    48,
    48,
    48,
    48,
    48,
    48,
    48,
    48,
    48,
    48,
    48,
    48,
    48
  ]
}