{
  "checkpoint_episodes": [
    300,
    600,
    900,
    1200,
    1500,
    1800,
    2100,
    2400,
    2700,
    3000,
    3300,
    3600,
    3900,
    4200,
    4500,
    4800,
    5100,
    5400,
    5700,
    6000,
    6300,
    6600,
    6900,
    7200,
    7500,
    7800,
    8100,
    8400,
    8700,
    9000,
    9300,
    9600,
    9900,
    10200,
    10500,
    10800,
    11100,
    11400,
    11700,
    12000,
    12300,
    12600,
    12900,
    13200,
    13500,
    13800,
    14100,
    14400,
    14700,
    15000,
    15300,
    15600,
    15900,
    16200,
    16500,
    16800,
    17100,
    17400,
    17700,
    18000,
    18300,
    18600,
    18900,
    19200,
    19500,
    19800,
    20100,
    20400,
    20700,
    21000,
    21300,
    21600,
    21900,
    22200,
    22500,
    22800,
    23100,
    23400,
    23700,
    24000,
    24300,
    24600,
    24900,
    25200,
    25500,
    25800,
    26100,
    26400,
    26700,
    27000,
    27300,
    27600,
    27900,
    28200,
    28500,
    28800,
    29100,
    29400,
    29700,
    30000
  ],
  "win_rate_curve": [
    0.31666666666666665,
    0.2966666666666667,
    0.36,
    0.38,
    0.30333333333333334,
    0.3,
    0.32,
    0.27666666666666667,
    0.2866666666666667,
    0.32666666666666666,
    0.3,
    0.31,
    0.3233333333333333,
    0.29,
    0.3,
    0.38666666666666666,
    0.37333333333333335,
    0.35333333333333333,
    0.3933333333333333,
    0.36333333333333334,
    0.3466666666666667,
    0.39666666666666667,
    0.4033333333333333,
    0.36666666666666664,
    0.37333333333333335,
    0.37,
    0.37333333333333335,
    0.37,
    0.35333333333333333,
    0.39,
    0.35333333333333333,
    0.38333333333333336,
    0.37666666666666665,
    0.38666666666666666,
    0.42333333333333334,
    0.32,
    0.41,
    0.41333333333333333,
    0.43666666666666665,
    0.45,
    0.38333333333333336,
    0.47333333333333333,
    0.3566666666666667,
    0.39666666666666667,
    0.41,
    0.41333333333333333,
    0.4,
    0.42333333333333334,
    0.39666666666666667,
    0.4,
    0.43666666666666665,
    0.43333333333333335,
    0.4533333333333333,
    0.4266666666666667,
    0.44666666666666666,
    0.4866666666666667,
    0.42333333333333334,
    0.4633333333333333,
    0.44666666666666666,
    0.47333333333333333,
    0.4633333333333333,
    0.4666666666666667,
    0.46,
    0.5033333333333333,
    0.4766666666666667,
    0.49,
    0.48,
    0.5166666666666667,
    0.44333333333333336,
    0.45,
    0.45666666666666667,
    0.52,
    0.5133333333333333,
    0.47333333333333333,
    0.44333333333333336,
    0.5233333333333333,
    0.5133333333333333,
    0.4766666666666667,
    0.51,
    0.52,
    0.54,
    0.49666666666666665,
    0.4166666666666667,
    0.4866666666666667,
    0.5066666666666667,
    0.52,
    0.5033333333333333,
    0.47333333333333333,
    0.49,
    0.48,
    0.5066666666666667,
    0.5033333333333333,
    0.48333333333333334,
    0.44666666666666666,
    0.5133333333333333,
    0.45666666666666667,
    0.47333333333333333,
    0.49333333333333335,
    0.5366666666666666,
    0.5333333333333333
  ],
  "td_error_curve": [
    0.14375850506335897,
    0.1841955223691691,
    0.19271553316486953,
    0.20621622659189792,
    0.2046030640486577,
    0.20548917667004668,
    0.19577013599168228,
    0.19324233993323106,
    0.19143642977105763,
    0.19165776543788707,
    0.17624343609216933,
    0.18322953315125684,
    0.18915501285140693,
    0.18018275279075274,
    0.1787394138783307,
    0.17939318512492555,
    0.1783780691356008,
    0.1810321262221974,
    0.17020633852493336,
    0.17309162739460393,
    0.17932384985385846,
    0.17349762792548423,
    0.16780691494758798,
    0.17191888713298012,
    0.1740734357123614,
    0.16990677558950412,
    0.16681190635409684,
    0.16979365471087,
    0.16407121920349269,
    0.16144773132202125,
    0.1577499327039721,
    0.16541993666137136,
    0.158367969952874,
    0.1654853747194459,
    0.15456034980671246,
    0.16260461706200238,
    0.16027104976238288,
    0.15670976338447581,
    0.15374806663391824,
    0.15060808328374178,
    0.15709068292088002,
    0.1469598509602465,
    0.1522369172074078,
    0.15113291093583306,
    0.14716248897828238,
    0.14997088218070725,
    0.15034904874807908,
    0.1506147747623163,
    0.14709536874477477,
    0.1471387570025783,
    0.14901524882707606,
    0.14450414280087912,
    0.14423550659046286,
    0.1441944573013063,
    0.14028849472976995,
    0.1419813450758541,
    0.14209329831836148,
    0.13866231711482632,
    0.13993471960231277,
    0.13681469211619396,
    0.13779077865242528,
    0.13458552064228682,
    0.1347809072882742,
    0.13923747437029133,
    0.13775832388509246,
    0.13248194093304413,
    0.1289958150451116,
    0.13955424346196238,
    0.13352255776150052,
    0.1299686966153472,
    0.13105172690816666,
    0.1277483891449688,
    0.12709739237850132,
    0.13260080376974714,
    0.13117381873826148,
    0.1289890888077554,
    0.1323487723073756,
    0.13427621252422836,
    0.13332849681990666,
    0.13596804577484342,
    0.12984865962937386,
    0.13008872368175953,
    0.1355230822816584,
    0.133227013303649,
    0.12570314039832173,
    0.13358804791822193,
    0.12944630666446016,
    0.137577349884552,
    0.13178476645750914,
    0.13183268564931258,
    0.13474935559427736,
    0.13209864188810083,
    0.1305446197021905,
    0.13510105132890748,
    0.12956247729664674,
    0.13244374303649886,
    0.13668114159487374,
    0.13186952923007036,
    0.12758623594929855,
    0.13253747341351002
  ],
  "mission_states_curve": [
    623,
    712,
    752,
    769,
    784,
    795,
    805,
    813,
    817,
    821,
    825,
    827,
    829,
    834,
    838,
    841,
    842,
    842,
    842,
    845,
    846,
    847,
    849,
    849,
    849,
    853,
    853,
    853,
    855,
    857,
    857,
    858,
    858,
    859,
    859,
    859,
    859,
    859,
    861,
    861,
    862,
    862,
    862,
    862,
    863,
    863,
    864,
    864,
    864,
    864,
    865,
    865,
    865,
    866,
    866,
    866,
    866,
    866,
    866,
    866,
    866,
    867,
    867,
    868,
    868,
    868,
    868,
    869,
    869,
    869,
    869,
    869,
    869,
    869,
    869,
    869,
    869,
    870,
    870,
    870,
    870,
    870,
    870,
    870,
    870,
    870,
    870,
    870,
    870,
    870,
    870,
    870,
    870,
    870,
    870,
    870,
    870,
    870,
    870,
    870
  ],
  "participant_states_curve": [
    0,
    0,
    0,
    0,
    0,
    0,
    0,
    0,
    0,
    0,
    0,
    0,
    0,
    0,
    0,
    0,
    0,
    0,
    0,
    0,
    0,
    0,
    0,
    0,
    0,
    0,
    0,
    0,
    0,
    0,
    0,
    0,
    0,
    0,
    0,
    0,
    0,
    0,
    0,
    0,
    0,
    0,
    0,
    0,
    0,
    0,
    0,
    0,
    0,
    0,
    0,
    0,
    0,
    0,
    0,
    0,
    0,
    0,
    0,
    0,
    0,
    0,
    0,
    0,
    0,
    0,
    0,
    0,
    0,
    0,
    0,
    0,
    0,
    0,
    0,
    0,
    0,
    0,
    0,
    0,
    0,
    0,
    0,
    0,
    0,
    0,
    0,
    0,
    0,
    0,
    0,
    0,
    0,
    0,
    0,
    0,
    0,
    0,
    0,
    0
  ]
}