{
  "checkpoint_episodes": [
    300,
    600,
    900,
    1200,
    1500,
    1800,
    2100,
    2400,
    2700,
    3000,
    3300,
    3600,
    3900,
    4200,
    4500,
    4800,
    5100,
    5400,
    5700,
    6000,
    6300,
    6600,
    6900,
    7200,
    7500,
    7800,
    8100,
    8400,
    8700,
    9000,
    9300,
    9600,
    9900,
    10200,
    10500,
    10800,
    11100,
    11400,
    11700,
    12000,
    12300,
    12600,
    12900,
    13200,
    13500,
    13800,
    14100,
    14400,
    14700,
    15000,
    15300,
    15600,
    15900,
    16200,
    16500,
    16800,
    17100,
    17400,
    17700,
    18000,
    18300,
    18600,
    18900,
    19200,
    19500,
    19800,
    20100,
    20400,
    20700,
    21000,
    21300,
    21600,
    21900,
    22200,
    22500,
    22800,
    23100,
    23400,
    23700,
    24000,
    24300,
    24600,
    24900,
    25200,
    25500,
    25800,
    26100,
    26400,
    26700,
    27000,
    27300,
    27600,
    27900,
    28200,
    28500,
    28800,
    29100,
    29400,
    29700,
    30000
  ],
  "win_rate_curve": [
    0.33,
    0.30333333333333334,
    0.29,
    0.31333333333333335,
    0.2833333333333333,
    0.31333333333333335,
    0.3,
    0.2833333333333333,
    0.27666666666666667,
    0.2866666666666667,
    0.2966666666666667,
    0.30333333333333334,
    0.31333333333333335,
    0.3333333333333333,
    0.31333333333333335,
    0.28,
    0.30666666666666664,
    0.3233333333333333,
    0.2866666666666667,
    0.33,
    0.3233333333333333,
    0.3,
    0.3333333333333333,
    0.2866666666666667,
    0.3,
    0.3,
    0.27666666666666667,
    0.31,
    0.30666666666666664,
    0.2633333333333333,
    0.31666666666666665,
    0.30333333333333334,
    0.24333333333333335,
    0.2866666666666667,
    0.27666666666666667,
    0.33666666666666667,
    0.33,
    0.31333333333333335,
    0.2966666666666667,
    0.36333333333333334,
    0.33666666666666667,
    0.2966666666666667,
    0.29,
    0.37666666666666665,
    0.3233333333333333,
    0.2966666666666667,
    0.3433333333333333,
    0.2866666666666667,
    0.33,
    0.27,
    0.31,
    0.32666666666666666,
    0.24666666666666667,
    0.31666666666666665,
    0.29333333333333333,
    0.3,
    0.31666666666666665,
    0.32,
    0.31666666666666665,
    0.33666666666666667,
    0.28,
    0.30333333333333334,
    0.34,
    0.25333333333333335,
    0.28,
    0.30666666666666664,
    0.2833333333333333,
    0.2866666666666667,
    0.27666666666666667,
    0.33666666666666667,
    0.2966666666666667,
    0.23666666666666666,
    0.3233333333333333,
    0.29333333333333333,
    0.31333333333333335,
    0.31666666666666665,
    0.33666666666666667,
    0.31333333333333335,
    0.25666666666666665,
    0.32,
    0.3233333333333333,
    0.33,
    0.2866666666666667,
    0.31333333333333335,
    0.31666666666666665,
    0.2633333333333333,
    0.33,
    0.31,
    0.3,
    0.3,
    0.3466666666666667,
    0.31666666666666665,
    0.2633333333333333,
    0.29333333333333333,
    0.3,
    0.31,
    0.2833333333333333,
    0.29,
    0.31666666666666665,
    0.3433333333333333
  ],
  "td_error_curve": [
    0.08015650625045924,
    0.08136760174522839,
    0.07702013037355405,
    0.0826735432364728,
    0.07607158696271182,
    0.0780851380204155,
    0.07757470852381003,
    0.07835545583655285,
    0.07566347780625929,
    0.07917567298857009,
    0.0772459143494616,
    0.07496018795258193,
    0.07940851305042025,
    0.07805826026211056,
    0.07579321893720072,
    0.07658948079544822,
    0.07408435615060151,
    0.07410109018921011,
    0.07301612702438637,
    0.0732780071120648,
    0.07284926400092562,
    0.07246892066046338,
    0.07382512826290906,
    0.07222471382154415,
    0.07242881234868967,
    0.07129772408802804,
    0.06998027438527193,
    0.069717091437136,
    0.06921087248871446,
    0.0697425622822905,
    0.07000223613280755,
    0.06840583966442454,
    0.06843310792218546,
    0.06829223494342497,
    0.071156800603678,
    0.06774993061161273,
    0.06589796335800126,
    0.06773529478888174,
    0.06519125490139678,
    0.06714578476975554,
    0.06336367805503693,
    0.06404985250989464,
    0.06319323908937377,
    0.06268838580839052,
    0.06288795602069666,
    0.06257341438277444,
    0.06496007210805198,
    0.06414615946716017,
    0.06282846450624532,
    0.061419969841515716,
    0.06117627448355397,
    0.06027979657194645,
    0.06207663603138014,
    0.058700840589456,
    0.06052228256333568,
    0.058970538723494795,
    0.057632786900148746,
    0.057983026628923726,
    0.05785771144790379,
    0.055927791282642324,
    0.05453528700400783,
    0.054145545108653007,
    0.051651886830519585,
    0.05314942705160972,
    0.05267531382362563,
    0.05144218595702337,
    0.052360700706007686,
    0.05041215591101424,
    0.048307749088029296,
    0.04969038600988839,
    0.04697310334339067,
    0.04787771854637837,
    0.04799112924130063,
    0.048592597388616744,
    0.048017748898240044,
    0.04753123744404708,
    0.04567686474839345,
    0.04768710778486628,
    0.0487215360801378,
    0.04686113705893921,
    0.046609273812118844,
    0.04752183459592868,
    0.04712973402040505,
    0.04534066343497134,
    0.047450655458413,
    0.048397103259274925,
    0.046404090800635275,
    0.046367321990791,
    0.046147386319130644,
    0.047946264086842716,
    0.04666181289056505,
    0.04784914732705409,
    0.04648842491965037,
    0.04661706539132425,
    0.04733272554372579,
    0.04629789959507249,
    0.04659601361757183,
    0.046262811041294934,
    0.04761660925069385,
    0.05053117082338183
  ],
  "mission_states_curve": [
    0,
    0,
    0,
    0,
    0,
    0,
    0,
    0,
    0,
    0,
    0,
    0,
    0,
    0,
    0,
    0,
    0,
    0,
    0,
    0,
    0,
    0,
    0,
    0,
    0,
    0,
    0,
    0,
    0,
    0,
    0,
    0,
    0,
    0,
    0,
    0,
    0,
    0,
    0,
    0,
    0,
    0,
    0,
    0,
    0,
    0,
    0,
    0,
    0,
    0,
    0,
    0,
    0,
    0,
    0,
    0,
    0,
    0,
    0,
    0,
    0,
    0,
    0,
    0,
    0,
    0,
    0,
    0,
    0,
    0,
    0,
    0,
    0,
    0,
    0,
    0,
    0,
    0,
    0,
    0,
    0,
    0,
    0,
    0,
    0,
    0,
    0,
    0,
    0,
    0,
    0,
    0,
    0,
    0,
    0,
    0,
    0,
    0,
    0,
    0
  ],
  "participant_states_curve": [
    48,
    48,
    48,
    48,
    48,
    48,
    48,
    48,
    48,
    48,
    48,
    48,
    48,
    48,
    48,
    48,
    48,
    48,
    48,
    48,
    48,
    48,
    48,
    48,
    48,
    48,
    48,
    48,
    48,
    48,
    48,
    48,
    48,
    48,
    48,
    48,
    48,
    48,
    48,
    48,
    48,
    48,
    48,
    48,
    48,
    48,
    48,
    48,
    48,
    48,
    48,
    48,
    48,
    48,
    48,
    48,
    48,
    48,
    48,
    48,
    48,
    48,
    48,
    48,
    48,
    48,
    48,
    48,
    48,
    48,
    48,
    48,
    48,
    48,
    48,
    48,
    48,
    48,
    48,
    48,
    48,
    48,
    48,
    48,
    48,
    48,
    48,
    48,
    48,
    48,
    48,
    48,
    48,
    48,
    48,
    48,
    48,
    48,
    48,
    48
  ]
}