{
  "ablation": "joint",
  "update_rule": "sarsa",
  "player_count": 8,
  "n_games": 4000,
  "rl_wins": 1720,
  "baseline_wins": 1634,
  "rl_win_rate": 0.43,
  "baseline_win_rate": 0.4085,
  "rl_win_interval": {
    "point": 0.43,
    "lower": 0.41473210117027787,
    "upper": 0.4454022208902804
  },
  "baseline_win_interval": {
    "point": 0.4085,
    "lower": 0.39336163293865034,
    "upper": 0.4238139451833651
  },
  "mcnemar": {
    "rl_only_wins": 893,
    "baseline_only_wins": 807,
    "statistic": 4.25,
    "p_value": 0.03925033046769283
  },
  "rl_secondary": {
    "average_rounds": 18.32,
    "average_boat_parts": 3.81,
    "average_volcano_remaining_on_win": 3.3354651162790696
  },
  "baseline_secondary": {
    "average_rounds": 18.904,
    "average_boat_parts": 3.63075,
    "average_volcano_remaining_on_win": 2.875764993880049
  }
}